"Date - Intl. format or prompt","Text","Link(s) - Separated by comma for FB carousels","Media URL(s) - Separated by comma","Title - For the video, pin, PDF ..","Label(s) - Separated by comma","Alt text(s) - Separated by ||","Comment(s) - Separated by ||","Pin board, FB album, or Google category","Post subtype - I.e. story, reel, PDF ..","CTA - For Facebook links or Google","Reminder - For stories, reels, shorts, and TikToks"
"2026-03-12 10:01","Steamed artichoke with lemon and garlic is one of those simple dishes that feels fresh, satisfying, and a little special. #ArtichokeRecipes #GutFriendlyMeals #HighFiberVeggies #VegetarianDinner #MediterraneanFood #FiberRich #SimpleCooking #FreshIngredients","https://www.daily-life-hacks.com/are-artichokes-good-for-digestion","https://www.daily-life-hacks.com/images/pins/artichoke-recipes-for-gut-health_v2.jpg","Are Artichokes Good for Digestion","","Artichoke Recipes for Gut Health - steamed artichoke with lemon and garlic on a fresh dinner plate","","High Fiber Recipes","","",""
"2026-03-12 11:56","Fresh parsley, bulgur, cucumber, and lemon make this tabbouleh feel bright, hearty, and easy to prep ahead. #Tabbouleh #MediterraneanFood #HighFiberLunch #HealthyLunch #BulgurSalad #MealPrep #FreshRecipes #VeganRecipes","https://www.daily-life-hacks.com/best-tabbouleh-salad-high-fiber-bulgur","https://www.daily-life-hacks.com/images/pins/tabbouleh-salad-high-fiber-bulgur_v2.jpg","Best Tabbouleh Salad High Fiber Bulgur","","Tabbouleh Salad High Fiber Bulgur - fresh parsley salad with bulgur, tomatoes, and cucumber for a bright Mediterranean lunch","","High Fiber Recipes","","",""
"2026-03-12 13:28","Sick of your expensive avocados turning brown immediately? Discover the best way to store avocados to stop browning and save your guacamole.

#MealPrep #KitchenTips #HealthyEating #FoodStorage #BudgetMeals #MealPrepSunday #CleanEating #HealthyLifestyle","https://www.daily-life-hacks.com/how-to-store-avocados-to-keep-them-fresh","https://www.daily-life-hacks.com/images/pins/best-way-to-store-avocados-to-stop-browning_v1.jpg","How to Store Avocados to Keep Them Fresh","","How to Store Avocados to Keep Them Fresh - healthy tips tips","","Healthy Meal Prep & Kitchen Tips","","",""
"2026-03-12 15:30","Warm peppermint and ginger tea with a fresh, cozy flavor. A simple after-dinner drink that fits beautifully into a calm evening routine. #HerbalTea #PeppermintTea #GingerTea #WarmDrink #TeaRecipe #HealthyHabits #AfterDinnerTea #CozyKitchen","https://www.daily-life-hacks.com/gut-health-tea-peppermint-ginger-tips","https://www.daily-life-hacks.com/images/pins/gut-health-tea-peppermint-ginger_v3.jpg","Gut Health Tea Peppermint Ginger Tips","","Gut Health Tea Peppermint Ginger - warm herbal tea with ginger and mint in a simple glass mug","","Gut Health & Nutrition Tips","","",""
"2026-03-12 16:18","Eating well doesn't have to cost a fortune. Grab this exact grocery shopping list for healthy eating on a budget and start saving immediately.

#MealPrep #KitchenTips #HealthyEating #FoodStorage #BudgetMeals #MealPrepSunday #CleanEating #HealthyLifestyle","https://www.daily-life-hacks.com/best-grocery-shopping-list-for-healthy-eating-on-a-budget","https://www.daily-life-hacks.com/images/pins/grocery-shopping-list-for-healthy-eating-on-a-budget_v4.jpg","Best Grocery Shopping List for Healthy Eating on a Budget","","Best Grocery Shopping List for Healthy Eating on a Budget - healthy tips tips","","Healthy Meal Prep & Kitchen Tips","","",""
"2026-03-13 10:18","Don't ruin your salad with sugar! DIY Tahini and Lemon dressing recipes packed with fiber and healthy fats. #SaladDressing #HealthySauce #TahiniRecipe #HealthyDressing #Tahini #HighFiber #SaladInspo #CleanEating","https://www.daily-life-hacks.com/high-fiber-salad-dressings-homemade-guide","https://www.daily-life-hacks.com/images/pins/high-fiber-salad-dressings-homemade_v2.jpg","High Fiber Salad Dressings Homemade Guide","","High Fiber Salad Dressings Homemade - fresh meal in glass containers for natural nutrition","","High Fiber Recipes","","",""
"2026-03-13 10:58","Don't throw away that sad spinach! Find out exactly how to revive wilted lettuce and greens with one simple, practically magical kitchen hack.

#MealPrep #KitchenTips #HealthyEating #FoodStorage #BudgetMeals #MealPrepSunday #CleanEating #HealthyLifestyle","https://www.daily-life-hacks.com/how-do-you-bring-wilted-lettuce-back-to-life","https://www.daily-life-hacks.com/images/pins/how-to-revive-wilted-lettuce-and-greens_v2.jpg","How Do You Bring Wilted Lettuce Back to Life","","How Do You Bring Wilted Lettuce Back to Life - healthy tips tips","","Healthy Meal Prep & Kitchen Tips","","",""
"2026-03-13 13:11","High-protein, high-fiber meals with beans, chicken, lentils, vegetables, and grains can make dinner feel more balanced and satisfying. #HighProteinHighFiber #BalancedMeals #EasyDinner #MealIdeas #FiberRich #ProteinPacked #SimpleCooking #WeeknightMeals","https://www.daily-life-hacks.com/easy-high-protein-high-fiber-meals","https://www.daily-life-hacks.com/images/pins/high-protein-high-fiber-meals-for-weight-loss_v4.jpg","Easy High Protein High Fiber Meals","","Balanced plate with lentils, vegetables, grains, and protein arranged for a hearty everyday meal","","High Fiber Recipes","","",""
"2026-03-13 14:37","Tired of your cilantro turning into green slime? Here is exactly how to store fresh herbs to last longer and save money.

#MealPrep #KitchenTips #HealthyEating #FoodStorage #BudgetMeals #MealPrepSunday #CleanEating #HealthyLifestyle","https://www.daily-life-hacks.com/how-to-store-fresh-herbs-for-long-time","https://www.daily-life-hacks.com/images/pins/how-to-store-fresh-herbs-to-last-longer_v1.jpg","How to Store Fresh Herbs for Long Time","","How to Store Fresh Herbs for Long Time - healthy tips tips","","Healthy Meal Prep & Kitchen Tips","","",""
"2026-03-13 16:36","Eating well doesn't have to cost a fortune. Grab this exact grocery shopping list for healthy eating on a budget and start saving immediately.

#MealPrep #KitchenTips #HealthyEating #FoodStorage #BudgetMeals #MealPrepSunday #CleanEating #HealthyLifestyle","https://www.daily-life-hacks.com/grocery-shopping-list-for-healthy-eating-on-a-budget","https://www.daily-life-hacks.com/images/pins/grocery-shopping-list-for-healthy-eating-on-a-budget_v1.jpg","Grocery Shopping List for Healthy Eating on a Budget","","Grocery Shopping List for Healthy Eating on a Budget - healthy tips tips","","Healthy Meal Prep & Kitchen Tips","","",""
"2026-03-14 10:03","Exhausted by weeknight cooking? Master the Sunday system with this ridiculously straightforward batch cooking for beginners weekly guide.

#MealPrep #KitchenTips #HealthyEating #FoodStorage #BudgetMeals #MealPrepSunday #CleanEating #HealthyLifestyle","https://www.daily-life-hacks.com/best-batch-cooking-for-beginners-weekly-guide","https://www.daily-life-hacks.com/images/pins/batch-cooking-for-beginners-weekly-guide_v4.jpg","Best Batch Cooking for Beginners Weekly Guide","","Best Batch Cooking for Beginners Weekly Guide - healthy tips tips","","Healthy Meal Prep & Kitchen Tips","","",""
"2026-03-14 11:53","Oatmeal vs. grits is one of those breakfast comparisons that gets easier once you see the fiber difference side by side. #OatmealVsGrits #FiberComparison #HealthyBreakfast #BreakfastIdeas #WholeGrains #NutritionTips #SimpleChoices #MorningMeals","https://www.daily-life-hacks.com/best-oatmeal-vs-grits-fiber-content","https://www.daily-life-hacks.com/images/pins/oatmeal-vs-grits-fiber-content_v3.jpg","Best Oatmeal Vs Grits Fiber Content","","Two breakfast bowls side by side with oatmeal toppings and warm grits for an easy fiber comparison","","Gut Health & Nutrition Tips","","",""
"2026-03-14 12:55","Soft bran muffins with raisins, honey, and a cozy bakery feel. A practical make-ahead breakfast when you want more fiber without giving up flavor. #BranMuffins #HealthyBaking #BreakfastIdeas #HighFiber #MealPrepBreakfast #HomeBaking #EasyRecipes #CozyFood","https://www.daily-life-hacks.com/high-fiber-bran-muffins-that-taste-good","https://www.daily-life-hacks.com/images/pins/high-fiber-bran-muffins-that-taste-good_v1.jpg","High Fiber Bran Muffins That Taste Good","","High Fiber Bran Muffins That Taste Good - golden bran muffins with raisins on a simple breakfast tray","","High Fiber Recipes","","",""
"2026-03-14 15:28","Cooking for one doesn't have to be expensive or exhausting. Learn how to meal prep on a budget for one person and save your sanity weeknights.

#MealPrep #KitchenTips #HealthyEating #FoodStorage #BudgetMeals #MealPrepSunday #CleanEating #HealthyLifestyle","https://www.daily-life-hacks.com/how-to-meal-prep-on-a-budget","https://www.daily-life-hacks.com/images/pins/how-to-meal-prep-on-a-budget-for-one-person_v1.jpg","How to Meal Prep on a Budget","","How to Meal Prep on a Budget - healthy tips tips","","Healthy Meal Prep & Kitchen Tips","","",""
"2026-03-14 16:10","Kickstart your morning with these simple, gut-loving high-fiber breakfasts. Chia pudding, overnight oats and veggie smoothies to keep you full and support microbiome health all day! Perfect for busy lifestyles. #HighFiberBreakfast #GutFriendly #HealthyStart #HighFiberBreakfast #GutHealth #EasyRecipes #HealthyBreakfastIdeas #FiberRich","https://www.daily-life-hacks.com/easy-high-fiber-breakfast-ideas-for-gut-health","https://www.daily-life-hacks.com/images/pins/easy-high-fiber-breakfast-ideas-for-gut-health_v1.jpg","Easy High Fiber Breakfast Ideas for Gut Health","","Easy High Fiber Breakfast Ideas for Gut Health - beautiful breakfast bowls with fresh toppings with oats, chia seeds for a healthy morning","","High Fiber Recipes","","",""
"2026-03-15 09:14","Oatmeal vs. grits is one of those breakfast comparisons that gets easier once you see the fiber difference side by side. #OatmealVsGrits #FiberComparison #HealthyBreakfast #BreakfastIdeas #WholeGrains #NutritionTips #SimpleChoices #MorningMeals","https://www.daily-life-hacks.com/oatmeal-vs-grits-fiber-content-guide","https://www.daily-life-hacks.com/images/pins/oatmeal-vs-grits-fiber-content_v2.jpg","Oatmeal Vs Grits Fiber Content Guide","","Two breakfast bowls side by side with oatmeal toppings and warm grits for an easy fiber comparison","","Gut Health & Nutrition Tips","","",""
"2026-03-15 11:06","Layer your way to health! Greek yogurt, high-fiber granola and mixed berries parfait. 15g of fiber to start your day. #YogurtParfait #HealthyBreakfast #GutHealth #ParfaitRecipe #HighFiber #BreakfastGoals #GutFriendly #HealthyStart","https://www.daily-life-hacks.com/high-fiber-yogurt-parfait-for-breakfast","https://www.daily-life-hacks.com/images/pins/high-fiber-yogurt-parfait-for-breakfast_v1.jpg","High Fiber Yogurt Parfait for Breakfast","","High Fiber Yogurt Parfait for Breakfast - fresh meal in glass containers with berries, yogurt for a healthy morning","","High Fiber Recipes","","",""
"2026-03-15 12:34","Cooking for one doesn't have to be expensive or exhausting. Learn how to meal prep on a budget for one person and save your sanity weeknights.

#MealPrep #KitchenTips #HealthyEating #FoodStorage #BudgetMeals #MealPrepSunday #CleanEating #HealthyLifestyle","https://www.daily-life-hacks.com/how-to-meal-prep-at-trader-joes-on-a-budget-for-one-person","https://www.daily-life-hacks.com/images/pins/how-to-meal-prep-on-a-budget-for-one-person_v3.jpg","How to Meal Prep At Trader Joe's on a Budget for One Person","","How to Meal Prep At Trader Joe's on a Budget for One Person - healthy tips tips","","Healthy Meal Prep & Kitchen Tips","","",""
"2026-03-15 14:39","Stuck at a drive-thru? This guide rounds up practical high-fiber fast food picks from places like Subway, Chipotle, and Starbucks for busier days. #FastFoodHacks #HealthyOnTheGo #HighFiber #QuickMeals #NutritionTips #EatingOut #SimpleChoices #BusyDays","https://www.daily-life-hacks.com/best-high-fiber-fast-food-options-guide","https://www.daily-life-hacks.com/images/pins/high-fiber-fast-food-options-guide_v3.jpg","Best High Fiber Fast Food Options Guide","","Takeout-style meal with beans, grains, vegetables, and toppings arranged on a tray for a quick comparison guide","","Gut Health & Nutrition Tips","","",""
"2026-03-15 16:36","Old school comfort. Hearty Split Pea Soup recipe with 16g fiber per bowl! Cheap, easy and perfect for winter. #SplitPeaSoup #BudgetMeals #HighFiberDinner #SoupSeason #HighFiber #ComfortFood #BudgetCooking #HealthyDinner","https://www.daily-life-hacks.com/how-much-fiber-in-a-cup-of-split-pea-soup","https://www.daily-life-hacks.com/images/pins/split-pea-soup-recipe-high-fiber_v1.jpg","How Much Fiber in a Cup of Split Pea Soup","","Split Pea Soup Recipe High Fiber - appetizing bowl with colorful ingredients for natural nutrition","","High Fiber Recipes","","",""
"2026-03-16 09:24","Stop throwing money in the trash. Discover how to reduce food waste at home with easy tips that actually fit into your busy schedule.

#MealPrep #KitchenTips #HealthyEating #FoodStorage #BudgetMeals #MealPrepSunday #CleanEating #HealthyLifestyle","https://www.daily-life-hacks.com/best-how-to-reduce-food-waste-at-home-easy-tips","https://www.daily-life-hacks.com/images/pins/how-to-reduce-food-waste-at-home-easy-tips_v4.jpg","Best How to Reduce Food Waste At Home Easy Tips","","Best How to Reduce Food Waste At Home Easy Tips - healthy tips tips","","Healthy Meal Prep & Kitchen Tips","","",""
"2026-03-16 11:27","Sweet and Savory. Pear, Walnut and Blue Cheese salad. Pears are one of the highest fiber fruits! #PearSalad #HealthyDinner #HighFiberRecipes #SaladRecipe #HighFiberFruit #HealthyEating #GourmetSalad #GutHealth","https://www.daily-life-hacks.com/best-pear-salad-with-walnuts-fiber-rich","https://www.daily-life-hacks.com/images/pins/pear-salad-with-walnuts-fiber-rich_v3.jpg","Best Pear Salad with Walnuts Fiber Rich","","Pear Salad with Walnuts Fiber Rich - professionally plated meal for natural nutrition","","High Fiber Recipes","","",""
"2026-03-16 13:30","Kickstart your morning with these simple, gut-loving high-fiber breakfasts. Chia pudding, overnight oats and veggie smoothies to keep you full and support microbiome health all day! Perfect for busy lifestyles. #HighFiberBreakfast #GutFriendly #HealthyStart #HighFiberBreakfast #GutHealth #EasyRecipes #HealthyBreakfastIdeas #FiberRich","https://www.daily-life-hacks.com/easy-high-fiber-breakfast-ideas-for-gut-health-tips","https://www.daily-life-hacks.com/images/pins/easy-high-fiber-breakfast-ideas-for-gut-health_v3.jpg","Easy High Fiber Breakfast Ideas for Gut Health Tips","","Easy High Fiber Breakfast Ideas for Gut Health - beautiful breakfast bowls with fresh toppings with oats, chia seeds for a healthy morning","","High Fiber Recipes","","",""
"2026-03-16 14:34","Oatmeal vs. grits is one of those breakfast comparisons that gets easier once you see the fiber difference side by side. #OatmealVsGrits #FiberComparison #HealthyBreakfast #BreakfastIdeas #WholeGrains #NutritionTips #SimpleChoices #MorningMeals","https://www.daily-life-hacks.com/oatmeal-vs-grits-fiber-content-tips","https://www.daily-life-hacks.com/images/pins/oatmeal-vs-grits-fiber-content_v4.jpg","Oatmeal Vs Grits Fiber Content Tips","","Two breakfast bowls side by side with oatmeal toppings and warm grits for an easy fiber comparison","","Gut Health & Nutrition Tips","","",""
"2026-03-16 17:22","Whole wheat pasta and white pasta can look similar on the plate, but the fiber difference changes how filling the meal feels. #WholeWheat #PastaComparison #HighFiber #HealthySwaps #WholeGrains #EasyMeals #NutritionTips #SimpleChoices","https://www.daily-life-hacks.com/whole-wheat-vs-white-pasta-nutrition","https://www.daily-life-hacks.com/images/pins/whole-wheat-vs-white-pasta-fiber_v1.jpg","Whole Wheat Vs White Pasta Nutrition","","Cooked whole wheat pasta and white pasta plated side by side for a simple fiber comparison","","Gut Health & Nutrition Tips","","",""
"2026-03-17 09:50","Cooking for one doesn't have to be expensive or exhausting. Learn how to meal prep on a budget for one person and save your sanity weeknights.

#MealPrep #KitchenTips #HealthyEating #FoodStorage #BudgetMeals #MealPrepSunday #CleanEating #HealthyLifestyle","https://www.daily-life-hacks.com/how-to-meal-prep-on-a-budget-for-one-person-guide","https://www.daily-life-hacks.com/images/pins/how-to-meal-prep-on-a-budget-for-one-person_v4.jpg","Cooking Solo: How to Meal Prep on a Budget for One Person","","Cooking Solo: How to Meal Prep on a Budget for One Person - healthy tips tips","","Healthy Meal Prep & Kitchen Tips","","",""
"2026-03-17 10:59","Stop letting your produce rot. Discover how to store fruits and vegetables properly to double their lifespan and completely eliminate food waste.

#MealPrep #KitchenTips #HealthyEating #FoodStorage #BudgetMeals #MealPrepSunday #CleanEating #HealthyLifestyle","https://www.daily-life-hacks.com/how-to-store-fruits-and-vegetables","https://www.daily-life-hacks.com/images/pins/how-to-store-fruits-and-vegetables-properly_v1.jpg","How to Store Fruits and Vegetables","","How to Store Fruits and Vegetables - healthy tips tips","","Healthy Meal Prep & Kitchen Tips","","",""
"2026-03-17 12:52","Inflation making the checkout line painful? Learn how to make grocery shopping cheaper with these incredibly effective, psychology-based strategies.

#MealPrep #KitchenTips #HealthyEating #FoodStorage #BudgetMeals #MealPrepSunday #CleanEating #HealthyLifestyle","https://www.daily-life-hacks.com/how-to-make-groceries-cheaper","https://www.daily-life-hacks.com/images/pins/how-to-make-grocery-shopping-cheaper_v4.jpg","How to Make Groceries Cheaper","","How to Make Groceries Cheaper - healthy tips tips","","Healthy Meal Prep & Kitchen Tips","","",""
"2026-03-17 14:20","Eating well doesn't have to cost a fortune. Grab this exact grocery shopping list for healthy eating on a budget and start saving immediately.

#MealPrep #KitchenTips #HealthyEating #FoodStorage #BudgetMeals #MealPrepSunday #CleanEating #HealthyLifestyle","https://www.daily-life-hacks.com/grocery-shopping-list-for-healthy-eating-on-a-budget-tips","https://www.daily-life-hacks.com/images/pins/grocery-shopping-list-for-healthy-eating-on-a-budget_v3.jpg","Grocery Shopping List for Healthy Eating on a Budget Tips","","Grocery Shopping List for Healthy Eating on a Budget Tips - healthy tips tips","","Healthy Meal Prep & Kitchen Tips","","",""
"2026-03-17 17:28","Feeling overwhelmed by the kitchen? Start here with these totally manageable freezer meal prep ideas for beginners and save your weeknights.

#MealPrep #KitchenTips #HealthyEating #FoodStorage #BudgetMeals #MealPrepSunday #CleanEating #HealthyLifestyle","https://www.daily-life-hacks.com/freezer-meal-prep-ideas-for-beginners-guide","https://www.daily-life-hacks.com/images/pins/freezer-meal-prep-ideas-for-beginners_v4.jpg","Fill Your Stash: Freezer Meal Prep Ideas for Beginners","","Fill Your Stash: Freezer Meal Prep Ideas for Beginners - healthy tips tips","","Healthy Meal Prep & Kitchen Tips","","",""
"2026-03-18 09:18","Kickstart your morning with these simple, gut-loving high-fiber breakfasts. Chia pudding, overnight oats and veggie smoothies to keep you full and support microbiome health all day! Perfect for busy lifestyles. #HighFiberBreakfast #GutFriendly #HealthyStart #HighFiberBreakfast #GutHealth #EasyRecipes #HealthyBreakfastIdeas #FiberRich","https://www.daily-life-hacks.com/best-easy-high-fiber-breakfast-ideas-for-gut-health","https://www.daily-life-hacks.com/images/pins/easy-high-fiber-breakfast-ideas-for-gut-health_v4.jpg","Best Easy High Fiber Breakfast Ideas for Gut Health","","Easy High Fiber Breakfast Ideas for Gut Health - beautiful breakfast bowls with fresh toppings with oats, chia seeds for a healthy morning","","High Fiber Recipes","","",""
"2026-03-18 10:49","Dinner in 10 mins. High Fiber Veggie Stir-Fry with broccoli, snap peas and peppers. Low calorie volume eating. #StirFry #VeggieDinner #HighFiber #StirFry #HealthyDinner #VolumeEating #HighFiber #VeganFood","https://www.daily-life-hacks.com/what-vegetables-can-you-add-to-a-stir-fry","https://www.daily-life-hacks.com/images/pins/high-fiber-stir-fry-vegetables_v2.jpg","What Vegetables Can You Add to a Stir Fry","","High Fiber Stir Fry Vegetables - dynamic cooking action shot for natural nutrition","","High Fiber Recipes","","",""
"2026-03-18 12:58","Layer your way to health! Greek yogurt, high-fiber granola and mixed berries parfait. 15g of fiber to start your day. #YogurtParfait #HealthyBreakfast #GutHealth #ParfaitRecipe #HighFiber #BreakfastGoals #GutFriendly #HealthyStart","https://www.daily-life-hacks.com/high-fiber-yogurt-parfait-for-breakfast-tips","https://www.daily-life-hacks.com/images/pins/high-fiber-yogurt-parfait-for-breakfast_v3.jpg","High Fiber Yogurt Parfait for Breakfast Tips","","High Fiber Yogurt Parfait for Breakfast - fresh meal in glass containers with berries, yogurt for a healthy morning","","High Fiber Recipes","","",""
"2026-03-18 15:07","Never get bored! 4 Chia Pudding flavors: Chocolate, Berry, Mango and Vanilla. High fiber meal prep breakfast. #ChiaPudding #BreakfastIdeas #HighFiber #ChiaSeeds #HealthyBreakfast #MealPrep #HighFiber #GutHealth","https://www.daily-life-hacks.com/is-chia-seed-pudding-enough-for-breakfast","https://www.daily-life-hacks.com/images/pins/chia-pudding-variations-for-breakfast_v1.jpg","Is Chia Seed Pudding Enough for Breakfast","","Chia Pudding Variations for Breakfast - overhead view of prepared meal with chia seeds for a healthy morning","","High Fiber Recipes","","",""
"2026-03-18 17:04","Old school comfort. Hearty Split Pea Soup recipe with 16g fiber per bowl! Cheap, easy and perfect for winter. #SplitPeaSoup #BudgetMeals #HighFiberDinner #SoupSeason #HighFiber #ComfortFood #BudgetCooking #HealthyDinner","https://www.daily-life-hacks.com/is-there-a-lot-of-fiber-in-split-pea-soup","https://www.daily-life-hacks.com/images/pins/split-pea-soup-recipe-high-fiber_v4.jpg","Is There a Lot of Fiber in Split Pea Soup","","Split Pea Soup Recipe High Fiber - appetizing bowl with colorful ingredients for natural nutrition","","High Fiber Recipes","","",""
"2026-03-19 09:40","Low carb, high fiber! 5 delicious cauliflower rice recipes that taste like the real thing. Fried rice, burrito bowls and more. #CauliflowerRice #KetoRecipes #HighFiber #CauliflowerRice #LowCarb #HighFiber #KetoDinner #VeggieLoaded","https://www.daily-life-hacks.com/best-high-fiber-cauliflower-rice-recipes","https://www.daily-life-hacks.com/images/pins/high-fiber-cauliflower-rice-recipes_v3.jpg","Best High Fiber Cauliflower Rice Recipes","","High Fiber Cauliflower Rice Recipes - dynamic cooking action shot for natural nutrition","","High Fiber Recipes","","",""
"2026-03-19 11:19","Tired of cooking in chaos? Learn exactly how to organize a small kitchen on a budget with these simple storage hacks.

#MealPrep #KitchenTips #HealthyEating #FoodStorage #BudgetMeals #MealPrepSunday #CleanEating #HealthyLifestyle","https://www.daily-life-hacks.com/how-to-organize-a-small-kitchen-on-a-budget-guide","https://www.daily-life-hacks.com/images/pins/how-to-organize-a-small-kitchen-on-a-budget_v4.jpg","Maximize Your Space: How to Organize a Small Kitchen on a Budget","","Maximize Your Space: How to Organize a Small Kitchen on a Budget - healthy tips tips","","Healthy Meal Prep & Kitchen Tips","","",""
"2026-03-19 13:31","Layer your way to health! Greek yogurt, high-fiber granola and mixed berries parfait. 15g of fiber to start your day. #YogurtParfait #HealthyBreakfast #GutHealth #ParfaitRecipe #HighFiber #BreakfastGoals #GutFriendly #HealthyStart","https://www.daily-life-hacks.com/high-fiber-yogurt-parfait-for-breakfast-guide","https://www.daily-life-hacks.com/images/pins/high-fiber-yogurt-parfait-for-breakfast_v2.jpg","High Fiber Yogurt Parfait for Breakfast Guide","","High Fiber Yogurt Parfait for Breakfast - fresh meal in glass containers with berries, yogurt for a healthy morning","","High Fiber Recipes","","",""
"2026-03-19 14:57","Warm peppermint and ginger tea with a fresh, cozy flavor. A simple after-dinner drink that fits beautifully into a calm evening routine. #HerbalTea #PeppermintTea #GingerTea #WarmDrink #TeaRecipe #HealthyHabits #AfterDinnerTea #CozyKitchen","https://www.daily-life-hacks.com/best-gut-health-tea-peppermint-ginger","https://www.daily-life-hacks.com/images/pins/gut-health-tea-peppermint-ginger_v4.jpg","Best Gut Health Tea Peppermint Ginger","","Gut Health Tea Peppermint Ginger - warm herbal tea with ginger and mint in a simple glass mug","","Gut Health & Nutrition Tips","","",""
"2026-03-19 16:45","Steamed artichoke with lemon and garlic is one of those simple dishes that feels fresh, satisfying, and a little special. #ArtichokeRecipes #GutFriendlyMeals #HighFiberVeggies #VegetarianDinner #MediterraneanFood #FiberRich #SimpleCooking #FreshIngredients","https://www.daily-life-hacks.com/best-artichoke-recipes-for-gut-health","https://www.daily-life-hacks.com/images/pins/artichoke-recipes-for-gut-health_v4.jpg","Artichoke Recipes for Gut Health","","Artichoke Recipes for Gut Health - steamed artichoke with lemon and garlic on a fresh dinner plate","","High Fiber Recipes","","",""
"2026-03-20 10:00","Soft bran muffins with raisins, honey, and a cozy bakery feel. A practical make-ahead breakfast when you want more fiber without giving up flavor. #BranMuffins #HealthyBaking #BreakfastIdeas #HighFiber #MealPrepBreakfast #HomeBaking #EasyRecipes #CozyFood","https://www.daily-life-hacks.com/high-fiber-bran-muffins-that-taste-good-guide","https://www.daily-life-hacks.com/images/pins/high-fiber-bran-muffins-that-taste-good_v2.jpg","High Fiber Bran Muffins That Taste Good Guide","","High Fiber Bran Muffins That Taste Good - golden bran muffins with raisins on a simple breakfast tray","","High Fiber Recipes","","",""
"2026-03-20 11:57","Better than store bought! Creamy high-fiber hummus recipe with extra chickpeas and tahini. Perfect dip for veggies. #HummusRecipe #HealthyDip #HighFiberSnack #Hummus #HealthySnack #PlantBased #HighFiber #MediterraneanFood","https://www.daily-life-hacks.com/high-fiber-hummus-recipe-homemade-guide","https://www.daily-life-hacks.com/images/pins/high-fiber-hummus-recipe-homemade_v2.jpg","High Fiber Hummus Recipe Homemade Guide","","High Fiber Hummus Recipe Homemade - professionally plated meal with fresh vegetables, chickpeas for healthy snacking","","High Fiber Recipes","","",""
"2026-03-20 12:37","Sweet and Savory. Pear, Walnut and Blue Cheese salad. Pears are one of the highest fiber fruits! #PearSalad #HealthyDinner #HighFiberRecipes #SaladRecipe #HighFiberFruit #HealthyEating #GourmetSalad #GutHealth","https://www.daily-life-hacks.com/pear-salad-with-walnuts-fiber-rich-guide","https://www.daily-life-hacks.com/images/pins/pear-salad-with-walnuts-fiber-rich_v1.jpg","Pear Salad with Walnuts Fiber Rich Guide","","Pear Salad with Walnuts Fiber Rich - professionally plated meal for natural nutrition","","High Fiber Recipes","","",""
"2026-03-20 15:29","Tired of your cilantro turning into green slime? Here is exactly how to store fresh herbs to last longer and save money.

#MealPrep #KitchenTips #HealthyEating #FoodStorage #BudgetMeals #MealPrepSunday #CleanEating #HealthyLifestyle","https://www.daily-life-hacks.com/how-to-store-fresh-herbs-so-they-last-longer","https://www.daily-life-hacks.com/images/pins/how-to-store-fresh-herbs-to-last-longer_v3.jpg","How to Store Fresh Herbs So They Last Longer","","How to Store Fresh Herbs So They Last Longer - healthy tips tips","","Healthy Meal Prep & Kitchen Tips","","",""
"2026-03-20 16:34","Oatmeal vs. grits is one of those breakfast comparisons that gets easier once you see the fiber difference side by side. #OatmealVsGrits #FiberComparison #HealthyBreakfast #BreakfastIdeas #WholeGrains #NutritionTips #SimpleChoices #MorningMeals","https://www.daily-life-hacks.com/oatmeal-vs-grits-fiber-content","https://www.daily-life-hacks.com/images/pins/oatmeal-vs-grits-fiber-content_v1.jpg","Oatmeal Vs Grits Fiber Content","","Two breakfast bowls side by side with oatmeal toppings and warm grits for an easy fiber comparison","","Gut Health & Nutrition Tips","","",""
"2026-03-21 09:11","Fiber works best when your hydration habits keep up. This simple guide breaks down the water and fiber balance that helps meals feel more comfortable day to day. #Hydration #FiberTips #GutHealth #HealthyHabits #NutritionTips #DailyWellness #BalancedEating #SimpleHealth","https://www.daily-life-hacks.com/best-water-and-fiber-the-golden-rule","https://www.daily-life-hacks.com/images/pins/water-and-fiber-the-golden-rule_v4.jpg","Best Water and Fiber the Golden Rule","","Water and Fiber The Golden Rule - simple hydration and fiber foods arranged for an everyday wellness guide","","Gut Health & Nutrition Tips","","",""
"2026-03-21 11:54","Popcorn and potato chips may both feel snacky, but the fiber difference makes them a very different fit for everyday snacking. #SnackSwap #FiberFacts #HealthyChoices #SnackIdeas #Popcorn #PotatoChips #SimpleComparison #EverydayNutrition","https://www.daily-life-hacks.com/popcorn-vs-potato-chips-fiber-comparison-guide","https://www.daily-life-hacks.com/images/pins/popcorn-vs-potato-chips-fiber-comparison_v2.jpg","Popcorn Vs Potato Chips Fiber Comparison Guide","","Bowl of popcorn and bowl of potato chips arranged side by side for a quick snack comparison","","Gut Health & Nutrition Tips","","",""
"2026-03-21 13:43","Stop throwing money in the trash. Discover how to reduce food waste at home with easy tips that actually fit into your busy schedule.

#MealPrep #KitchenTips #HealthyEating #FoodStorage #BudgetMeals #MealPrepSunday #CleanEating #HealthyLifestyle","https://www.daily-life-hacks.com/how-to-reduce-food-waste-at-home-easy-tips-tips","https://www.daily-life-hacks.com/images/pins/how-to-reduce-food-waste-at-home-easy-tips_v3.jpg","How to Reduce Food Waste At Home Easy Tips Tips","","How to Reduce Food Waste At Home Easy Tips Tips - healthy tips tips","","Healthy Meal Prep & Kitchen Tips","","",""
"2026-03-21 14:53","Plant-based power! 5 Days of vegan high-fiber lunches. Tofu, quinoa, roasted veggies. Cheap and easy prep. #VeganMealPrep #HighFiberVegan #PlantBased #VeganPrep #MealPrepSunday #HighFiber #PlantPower #HealthyLunch","https://www.daily-life-hacks.com/vegan-high-fiber-meal-prep-for-week-tips","https://www.daily-life-hacks.com/images/pins/vegan-high-fiber-meal-prep-for-week_v2.jpg","Vegan High Fiber Meal Prep for Week Tips","","Vegan High Fiber Meal Prep for Week - fresh meal in glass containers with fresh vegetables, whole grains for natural nutrition","","High Fiber Recipes","","",""
"2026-03-21 16:47","Whole wheat pasta and white pasta can look similar on the plate, but the fiber difference changes how filling the meal feels. #WholeWheat #PastaComparison #HighFiber #HealthySwaps #WholeGrains #EasyMeals #NutritionTips #SimpleChoices","https://www.daily-life-hacks.com/whole-wheat-pasta-vs-white-pasta-fiber","https://www.daily-life-hacks.com/images/pins/whole-wheat-vs-white-pasta-fiber_v3.jpg","Whole Wheat Pasta Vs White Pasta Fiber","","Cooked whole wheat pasta and white pasta plated side by side for a simple fiber comparison","","Gut Health & Nutrition Tips","","",""
"2026-03-22 09:46","Sick of your expensive avocados turning brown immediately? Discover the best way to store avocados to stop browning and save your guacamole.

#MealPrep #KitchenTips #HealthyEating #FoodStorage #BudgetMeals #MealPrepSunday #CleanEating #HealthyLifestyle","https://www.daily-life-hacks.com/how-to-store-cut-avocado-without-it-turning-brown","https://www.daily-life-hacks.com/images/pins/best-way-to-store-avocados-to-stop-browning_v2.jpg","How to Store Cut Avocado Without It Turning Brown","","How to Store Cut Avocado Without It Turning Brown - healthy tips tips","","Healthy Meal Prep & Kitchen Tips","","",""
"2026-03-22 11:15","Low carb, high fiber! 5 delicious cauliflower rice recipes that taste like the real thing. Fried rice, burrito bowls and more. #CauliflowerRice #KetoRecipes #HighFiber #CauliflowerRice #LowCarb #HighFiber #KetoDinner #VeggieLoaded","https://www.daily-life-hacks.com/high-fiber-cauliflower-rice-recipes-tips","https://www.daily-life-hacks.com/images/pins/high-fiber-cauliflower-rice-recipes_v2.jpg","High Fiber Cauliflower Rice Recipes Tips","","High Fiber Cauliflower Rice Recipes - dynamic cooking action shot for natural nutrition","","High Fiber Recipes","","",""
"2026-03-22 13:49","Buying good bread shouldn't mean rushing to eat it in two days. Here is how to keep bread fresh longer without mold taking over your loaf.

#MealPrep #KitchenTips #HealthyEating #FoodStorage #BudgetMeals #MealPrepSunday #CleanEating #HealthyLifestyle","https://www.daily-life-hacks.com/how-to-keep-bread-fresh-longer-without-mold-guide","https://www.daily-life-hacks.com/images/pins/how-to-keep-bread-fresh-longer-without-mold_v4.jpg","How to Keep Bread Fresh Longer Without Mold Guide","","How to Keep Bread Fresh Longer Without Mold Guide - healthy tips tips","","Healthy Meal Prep & Kitchen Tips","","",""
"2026-03-22 14:57","Feeling confused in the grocery aisle? Here is a dead simple guide on how to read nutrition labels for beginners without needing a science degree.

#MealPrep #KitchenTips #HealthyEating #FoodStorage #BudgetMeals #MealPrepSunday #CleanEating #HealthyLifestyle","https://www.daily-life-hacks.com/how-to-read-nutrition-labels-total-fat","https://www.daily-life-hacks.com/images/pins/how-to-read-nutrition-labels-for-beginners_v1.jpg","How to Read Nutrition Labels Total Fat","","How to Read Nutrition Labels Total Fat - healthy tips tips","","Healthy Meal Prep & Kitchen Tips","","",""
"2026-03-22 16:58","Eating well doesn't have to cost a fortune. Grab this exact grocery shopping list for healthy eating on a budget and start saving immediately.

#MealPrep #KitchenTips #HealthyEating #FoodStorage #BudgetMeals #MealPrepSunday #CleanEating #HealthyLifestyle","https://www.daily-life-hacks.com/grocery-shopping-list-for-healthy-eating-on-a-budget-guide","https://www.daily-life-hacks.com/images/pins/grocery-shopping-list-for-healthy-eating-on-a-budget_v2.jpg","Grocery Shopping List for Healthy Eating on a Budget Guide","","Grocery Shopping List for Healthy Eating on a Budget Guide - healthy tips tips","","Healthy Meal Prep & Kitchen Tips","","",""
"2026-03-23 09:46","Stuck at a drive-thru? This guide rounds up practical high-fiber fast food picks from places like Subway, Chipotle, and Starbucks for busier days. #FastFoodHacks #HealthyOnTheGo #HighFiber #QuickMeals #NutritionTips #EatingOut #SimpleChoices #BusyDays","https://www.daily-life-hacks.com/high-fiber-fast-food-options-guide","https://www.daily-life-hacks.com/images/pins/high-fiber-fast-food-options-guide_v1.jpg","High Fiber Fast Food Options Guide","","Takeout-style meal with beans, grains, vegetables, and toppings arranged on a tray for a quick comparison guide","","Gut Health & Nutrition Tips","","",""
"2026-03-23 11:18","The underrated superfood! Steamed artichoke with lemon garlic dip. One of the highest fiber vegetables you can eat. #ArtichokeRecipes #GutHealth #HighFiberVeggies #Artichoke #Superfood #FiberRich #GutHealth #VegetarianDinner","https://www.daily-life-hacks.com/is-artichoke-good-for-your-stomach","https://www.daily-life-hacks.com/images/pins/artichoke-recipes-for-gut-health_v1.jpg","Is Artichoke Good for Your Stomach","","Artichoke Recipes for Gut Health - appetizing bowl with colorful ingredients with fresh vegetables for natural nutrition","","High Fiber Recipes","","",""
"2026-03-23 12:45","Fresh parsley, bulgur, cucumber, and lemon make this tabbouleh feel bright, hearty, and easy to prep ahead. #Tabbouleh #MediterraneanFood #HighFiberLunch #HealthyLunch #BulgurSalad #MealPrep #FreshRecipes #VeganRecipes","https://www.daily-life-hacks.com/tabbouleh-salad-high-fiber-bulgur","https://www.daily-life-hacks.com/images/pins/tabbouleh-salad-high-fiber-bulgur_v4.jpg","Tabbouleh Salad High Fiber Bulgur","","Tabbouleh Salad High Fiber Bulgur - fresh parsley salad with bulgur, tomatoes, and cucumber for a bright Mediterranean lunch","","High Fiber Recipes","","",""
"2026-03-23 15:43","Plant-based power! 5 Days of vegan high-fiber lunches. Tofu, quinoa, roasted veggies. Cheap and easy prep. #VeganMealPrep #HighFiberVegan #PlantBased #VeganPrep #MealPrepSunday #HighFiber #PlantPower #HealthyLunch","https://www.daily-life-hacks.com/vegan-high-fiber-meal-prep-for-week","https://www.daily-life-hacks.com/images/pins/vegan-high-fiber-meal-prep-for-week_v4.jpg","Vegan High Fiber Meal Prep for Week","","Vegan High Fiber Meal Prep for Week - fresh meal in glass containers with fresh vegetables, whole grains for natural nutrition","","High Fiber Recipes","","",""
"2026-03-23 16:38","Dinner in 10 mins. High Fiber Veggie Stir-Fry with broccoli, snap peas and peppers. Low calorie volume eating. #StirFry #VeggieDinner #HighFiber #StirFry #HealthyDinner #VolumeEating #HighFiber #VeganFood","https://www.daily-life-hacks.com/fiber-in-stir-fry-vegetables","https://www.daily-life-hacks.com/images/pins/high-fiber-stir-fry-vegetables_v3.jpg","Fiber in Stir Fry Vegetables","","High Fiber Stir Fry Vegetables - dynamic cooking action shot for natural nutrition","","High Fiber Recipes","","",""
"2026-03-24 09:21","Old school comfort. Hearty Split Pea Soup recipe with 16g fiber per bowl! Cheap, easy and perfect for winter. #SplitPeaSoup #BudgetMeals #HighFiberDinner #SoupSeason #HighFiber #ComfortFood #BudgetCooking #HealthyDinner","https://www.daily-life-hacks.com/high-fiber-split-pea-soup-recipe","https://www.daily-life-hacks.com/images/pins/split-pea-soup-recipe-high-fiber_v3.jpg","High Fiber Split Pea Soup Recipe","","Split Pea Soup Recipe High Fiber - appetizing bowl with colorful ingredients for natural nutrition","","High Fiber Recipes","","",""
"2026-03-24 11:04","Better than store bought! Creamy high-fiber hummus recipe with extra chickpeas and tahini. Perfect dip for veggies. #HummusRecipe #HealthyDip #HighFiberSnack #Hummus #HealthySnack #PlantBased #HighFiber #MediterraneanFood","https://www.daily-life-hacks.com/best-high-fiber-hummus-recipe-homemade","https://www.daily-life-hacks.com/images/pins/high-fiber-hummus-recipe-homemade_v4.jpg","Best High Fiber Hummus Recipe Homemade","","High Fiber Hummus Recipe Homemade - professionally plated meal with fresh vegetables, chickpeas for healthy snacking","","High Fiber Recipes","","",""
"2026-03-24 12:52","Don't throw away that sad spinach! Find out exactly how to revive wilted lettuce and greens with one simple, practically magical kitchen hack.

#MealPrep #KitchenTips #HealthyEating #FoodStorage #BudgetMeals #MealPrepSunday #CleanEating #HealthyLifestyle","https://www.daily-life-hacks.com/can-you-revive-wilted-lettuce","https://www.daily-life-hacks.com/images/pins/how-to-revive-wilted-lettuce-and-greens_v4.jpg","Can You Revive Wilted Lettuce","","Can You Revive Wilted Lettuce - healthy tips tips","","Healthy Meal Prep & Kitchen Tips","","",""
"2026-03-24 15:44","A simple 30-day high-fiber meal plan with easy recipes, grocery ideas, and practical daily habits you can actually keep up with. #HighFiberMeals #MealPlanIdeas #GutFriendlyFoods #EasyRecipes #HealthyHabits #WeeklyPrep #SimpleNutrition #DailyRoutine","https://www.daily-life-hacks.com/30-day-high-fiber-challenge-meal-plan","https://www.daily-life-hacks.com/images/pins/30-day-high-fiber-challenge-meal-plan_v1.jpg","30 Day High Fiber Challenge Meal Plan","","Weekly meal planner surrounded by fresh produce, simple recipes, and notes for easy high-fiber meals","","Gut Health & Nutrition Tips","","",""
"2026-03-24 16:29","Sweet and Savory. Pear, Walnut and Blue Cheese salad. Pears are one of the highest fiber fruits! #PearSalad #HealthyDinner #HighFiberRecipes #SaladRecipe #HighFiberFruit #HealthyEating #GourmetSalad #GutHealth","https://www.daily-life-hacks.com/pear-salad-with-walnuts-fiber-rich","https://www.daily-life-hacks.com/images/pins/pear-salad-with-walnuts-fiber-rich_v4.jpg","Pear Salad with Walnuts Fiber Rich","","Pear Salad with Walnuts Fiber Rich - professionally plated meal for natural nutrition","","High Fiber Recipes","","",""
"2026-03-25 09:59","Exhausted by weeknight cooking? Master the Sunday system with this ridiculously straightforward batch cooking for beginners weekly guide.

#MealPrep #KitchenTips #HealthyEating #FoodStorage #BudgetMeals #MealPrepSunday #CleanEating #HealthyLifestyle","https://www.daily-life-hacks.com/batch-cooking-for-beginners-weekly-guide","https://www.daily-life-hacks.com/images/pins/batch-cooking-for-beginners-weekly-guide_v1.jpg","Batch Cooking for Beginners Weekly Guide","","Batch Cooking for Beginners Weekly Guide - healthy tips tips","","Healthy Meal Prep & Kitchen Tips","","",""
"2026-03-25 11:39","Warm peppermint and ginger tea with a fresh, cozy flavor. A simple after-dinner drink that fits beautifully into a calm evening routine. #HerbalTea #PeppermintTea #GingerTea #WarmDrink #TeaRecipe #HealthyHabits #AfterDinnerTea #CozyKitchen","https://www.daily-life-hacks.com/gut-health-tea-peppermint-ginger-guide","https://www.daily-life-hacks.com/images/pins/gut-health-tea-peppermint-ginger_v2.jpg","Gut Health Tea Peppermint Ginger Guide","","Gut Health Tea Peppermint Ginger - warm herbal tea with ginger and mint in a simple glass mug","","Gut Health & Nutrition Tips","","",""
"2026-03-25 12:49","Stop letting your produce rot. Discover how to store fruits and vegetables properly to double their lifespan and completely eliminate food waste.

#MealPrep #KitchenTips #HealthyEating #FoodStorage #BudgetMeals #MealPrepSunday #CleanEating #HealthyLifestyle","https://www.daily-life-hacks.com/how-should-fruits-and-vegetables-be-stored","https://www.daily-life-hacks.com/images/pins/how-to-store-fruits-and-vegetables-properly_v4.jpg","How Should Fruits and Vegetables Be Stored","","How Should Fruits and Vegetables Be Stored - healthy tips tips","","Healthy Meal Prep & Kitchen Tips","","",""
"2026-03-25 15:17","Don't throw away that sad spinach! Find out exactly how to revive wilted lettuce and greens with one simple, practically magical kitchen hack.

#MealPrep #KitchenTips #HealthyEating #FoodStorage #BudgetMeals #MealPrepSunday #CleanEating #HealthyLifestyle","https://www.daily-life-hacks.com/how-to-revive-wilted-greens","https://www.daily-life-hacks.com/images/pins/how-to-revive-wilted-lettuce-and-greens_v1.jpg","How to Revive Wilted Greens","","How to Revive Wilted Greens - healthy tips tips","","Healthy Meal Prep & Kitchen Tips","","",""
"2026-03-25 16:43","Dinner in 10 mins. High Fiber Veggie Stir-Fry with broccoli, snap peas and peppers. Low calorie volume eating. #StirFry #VeggieDinner #HighFiber #StirFry #HealthyDinner #VolumeEating #HighFiber #VeganFood","https://www.daily-life-hacks.com/what-veggies-are-good-for-a-stir-fry","https://www.daily-life-hacks.com/images/pins/high-fiber-stir-fry-vegetables_v1.jpg","What Veggies Are Good for a Stir Fry","","High Fiber Stir Fry Vegetables - dynamic cooking action shot for natural nutrition","","High Fiber Recipes","","",""
"2026-03-26 09:32","Buying good bread shouldn't mean rushing to eat it in two days. Here is how to keep bread fresh longer without mold taking over your loaf.

#MealPrep #KitchenTips #HealthyEating #FoodStorage #BudgetMeals #MealPrepSunday #CleanEating #HealthyLifestyle","https://www.daily-life-hacks.com/how-to-keep-bread-fresh-longer-without-mold-tips","https://www.daily-life-hacks.com/images/pins/how-to-keep-bread-fresh-longer-without-mold_v2.jpg","How to Keep Bread Fresh Longer Without Mold Tips","","How to Keep Bread Fresh Longer Without Mold Tips - healthy tips tips","","Healthy Meal Prep & Kitchen Tips","","",""
"2026-03-26 11:11","Fresh parsley, bulgur, cucumber, and lemon make this tabbouleh feel bright, hearty, and easy to prep ahead. #Tabbouleh #MediterraneanFood #HighFiberLunch #HealthyLunch #BulgurSalad #MealPrep #FreshRecipes #VeganRecipes","https://www.daily-life-hacks.com/tabbouleh-salad-high-fiber-bulgur-tips","https://www.daily-life-hacks.com/images/pins/tabbouleh-salad-high-fiber-bulgur_v1.jpg","Tabbouleh Salad High Fiber Bulgur Tips","","Tabbouleh Salad High Fiber Bulgur - fresh parsley salad with bulgur, tomatoes, and cucumber for a bright Mediterranean lunch","","High Fiber Recipes","","",""
"2026-03-26 13:50","Stop throwing away overripe bananas. Learn exactly how to freeze bananas for smoothies so they blend perfectly without ruining your blender.

#MealPrep #KitchenTips #HealthyEating #FoodStorage #BudgetMeals #MealPrepSunday #CleanEating #HealthyLifestyle","https://www.daily-life-hacks.com/how-to-freeze-bananas-for-smoothies-later","https://www.daily-life-hacks.com/images/pins/how-to-freeze-bananas-for-smoothies_v4.jpg","How to Freeze Bananas for Smoothies Later","","How to Freeze Bananas for Smoothies Later - healthy tips tips","","Healthy Meal Prep & Kitchen Tips","","",""
"2026-03-26 15:39","Popcorn is a whole grain! Healthy high-fiber popcorn toppings: Nutritional yeast, chili lime and cinnamon. Ditch the butter. #HealthyPopcorn #SnackHacks #HighFiber #Popcorn #HealthySnacks #HighFiber #MovieNightSnack #WholeGrain","https://www.daily-life-hacks.com/best-high-fiber-popcorn-toppings-healthy","https://www.daily-life-hacks.com/images/pins/high-fiber-popcorn-toppings-healthy_v2.jpg","Best High Fiber Popcorn Toppings Healthy","","High Fiber Popcorn Toppings Healthy - appetizing bowl with colorful ingredients for healthy snacking","","High Fiber Recipes","","",""
"2026-03-26 17:33","Cooking for one doesn't have to be expensive or exhausting. Learn how to meal prep on a budget for one person and save your sanity weeknights.

#MealPrep #KitchenTips #HealthyEating #FoodStorage #BudgetMeals #MealPrepSunday #CleanEating #HealthyLifestyle","https://www.daily-life-hacks.com/how-to-meal-plan-on-a-budget","https://www.daily-life-hacks.com/images/pins/how-to-meal-prep-on-a-budget-for-one-person_v2.jpg","How to Meal Plan on a Budget","","How to Meal Plan on a Budget - healthy tips tips","","Healthy Meal Prep & Kitchen Tips","","",""
"2026-03-27 10:07","Fiber works best when your hydration habits keep up. This simple guide breaks down the water and fiber balance that helps meals feel more comfortable day to day. #Hydration #FiberTips #GutHealth #HealthyHabits #NutritionTips #DailyWellness #BalancedEating #SimpleHealth","https://www.daily-life-hacks.com/water-and-fiber-the-golden-rule-tips","https://www.daily-life-hacks.com/images/pins/water-and-fiber-the-golden-rule_v3.jpg","Water and Fiber the Golden Rule Tips","","Water and Fiber The Golden Rule - simple hydration and fiber foods arranged for an everyday wellness guide","","Gut Health & Nutrition Tips","","",""
"2026-03-27 11:59","Never get bored! 4 Chia Pudding flavors: Chocolate, Berry, Mango and Vanilla. High fiber meal prep breakfast. #ChiaPudding #BreakfastIdeas #HighFiber #ChiaSeeds #HealthyBreakfast #MealPrep #HighFiber #GutHealth","https://www.daily-life-hacks.com/how-much-chia-pudding-for-breakfast","https://www.daily-life-hacks.com/images/pins/chia-pudding-variations-for-breakfast_v3.jpg","How Much Chia Pudding for Breakfast","","Chia Pudding Variations for Breakfast - overhead view of prepared meal with chia seeds for a healthy morning","","High Fiber Recipes","","",""
"2026-03-27 13:12","Stop throwing money in the trash. Discover how to reduce food waste at home with easy tips that actually fit into your busy schedule.

#MealPrep #KitchenTips #HealthyEating #FoodStorage #BudgetMeals #MealPrepSunday #CleanEating #HealthyLifestyle","https://www.daily-life-hacks.com/how-to-reduce-food-waste-at-home-easy-tips","https://www.daily-life-hacks.com/images/pins/how-to-reduce-food-waste-at-home-easy-tips_v1.jpg","How to Reduce Food Waste At Home Easy Tips","","How to Reduce Food Waste At Home Easy Tips - healthy tips tips","","Healthy Meal Prep & Kitchen Tips","","",""
"2026-03-27 14:33","Tired of cooking in chaos? Learn exactly how to organize a small kitchen on a budget with these simple storage hacks.

#MealPrep #KitchenTips #HealthyEating #FoodStorage #BudgetMeals #MealPrepSunday #CleanEating #HealthyLifestyle","https://www.daily-life-hacks.com/how-to-organize-small-kitchen-ideas-on-a-budget","https://www.daily-life-hacks.com/images/pins/how-to-organize-a-small-kitchen-on-a-budget_v1.jpg","How to Organize Small Kitchen Ideas on a Budget","","How to Organize Small Kitchen Ideas on a Budget - healthy tips tips","","Healthy Meal Prep & Kitchen Tips","","",""
"2026-03-27 16:58","Pizza night is back! Crispy cauliflower pizza crust recipe. High fiber, gluten-free and low calorie. #CauliflowerPizza #HealthyPizza #HighFiberDinner #HealthyPizza #CauliflowerCrust #HighFiber #GuiltFree #DinnerIdeas","https://www.daily-life-hacks.com/best-high-fiber-pizza-crust-cauliflower","https://www.daily-life-hacks.com/images/pins/high-fiber-pizza-crust-cauliflower_v4.jpg","Best High Fiber Pizza Crust Cauliflower","","High Fiber Pizza Crust Cauliflower - appetizing food presentation for natural nutrition","","High Fiber Recipes","","",""
"2026-03-28 09:30","Popcorn is a whole grain! Healthy high-fiber popcorn toppings: Nutritional yeast, chili lime and cinnamon. Ditch the butter. #HealthyPopcorn #SnackHacks #HighFiber #Popcorn #HealthySnacks #HighFiber #MovieNightSnack #WholeGrain","https://www.daily-life-hacks.com/high-fiber-popcorn-toppings-healthy","https://www.daily-life-hacks.com/images/pins/high-fiber-popcorn-toppings-healthy_v1.jpg","High Fiber Popcorn Toppings Healthy","","High Fiber Popcorn Toppings Healthy - appetizing bowl with colorful ingredients for healthy snacking","","High Fiber Recipes","","",""
"2026-03-28 11:08","Fiber works best when your hydration habits keep up. This simple guide breaks down the water and fiber balance that helps meals feel more comfortable day to day. #Hydration #FiberTips #GutHealth #HealthyHabits #NutritionTips #DailyWellness #BalancedEating #SimpleHealth","https://www.daily-life-hacks.com/water-and-fiber-the-golden-rule-guide","https://www.daily-life-hacks.com/images/pins/water-and-fiber-the-golden-rule_v2.jpg","Water and Fiber the Golden Rule Guide","","Water and Fiber The Golden Rule - simple hydration and fiber foods arranged for an everyday wellness guide","","Gut Health & Nutrition Tips","","",""
"2026-03-28 13:50","Buying good bread shouldn't mean rushing to eat it in two days. Here is how to keep bread fresh longer without mold taking over your loaf.

#MealPrep #KitchenTips #HealthyEating #FoodStorage #BudgetMeals #MealPrepSunday #CleanEating #HealthyLifestyle","https://www.daily-life-hacks.com/how-to-keep-bread-fresh-longer-without-mold","https://www.daily-life-hacks.com/images/pins/how-to-keep-bread-fresh-longer-without-mold_v1.jpg","How to Keep Bread Fresh Longer Without Mold","","How to Keep Bread Fresh Longer Without Mold - healthy tips tips","","Healthy Meal Prep & Kitchen Tips","","",""
"2026-03-28 14:35","Inflation making the checkout line painful? Learn how to make grocery shopping cheaper with these incredibly effective, psychology-based strategies.

#MealPrep #KitchenTips #HealthyEating #FoodStorage #BudgetMeals #MealPrepSunday #CleanEating #HealthyLifestyle","https://www.daily-life-hacks.com/how-to-get-groceries-cheaper","https://www.daily-life-hacks.com/images/pins/how-to-make-grocery-shopping-cheaper_v3.jpg","How to Get Groceries Cheaper","","How to Get Groceries Cheaper - healthy tips tips","","Healthy Meal Prep & Kitchen Tips","","",""
"2026-03-28 16:42","Stop throwing away overripe bananas. Learn exactly how to freeze bananas for smoothies so they blend perfectly without ruining your blender.

#MealPrep #KitchenTips #HealthyEating #FoodStorage #BudgetMeals #MealPrepSunday #CleanEating #HealthyLifestyle","https://www.daily-life-hacks.com/whats-the-best-way-to-freeze-bananas-for-smoothies","https://www.daily-life-hacks.com/images/pins/how-to-freeze-bananas-for-smoothies_v2.jpg","What's the Best Way to Freeze Bananas for Smoothies","","What's the Best Way to Freeze Bananas for Smoothies - healthy tips tips","","Healthy Meal Prep & Kitchen Tips","","",""
"2026-03-29 09:10","Tired of cooking in chaos? Learn exactly how to organize a small kitchen on a budget with these simple storage hacks.

#MealPrep #KitchenTips #HealthyEating #FoodStorage #BudgetMeals #MealPrepSunday #CleanEating #HealthyLifestyle","https://www.daily-life-hacks.com/how-to-organize-a-very-small-kitchen","https://www.daily-life-hacks.com/images/pins/how-to-organize-a-small-kitchen-on-a-budget_v2.jpg","How to Organize a Very Small Kitchen","","How to Organize a Very Small Kitchen - healthy tips tips","","Healthy Meal Prep & Kitchen Tips","","",""
"2026-03-29 11:16","Soft bran muffins with raisins, honey, and a cozy bakery feel. A practical make-ahead breakfast when you want more fiber without giving up flavor. #BranMuffins #HealthyBaking #BreakfastIdeas #HighFiber #MealPrepBreakfast #HomeBaking #EasyRecipes #CozyFood","https://www.daily-life-hacks.com/high-fiber-bran-muffins-that-taste-good-tips","https://www.daily-life-hacks.com/images/pins/high-fiber-bran-muffins-that-taste-good_v4.jpg","High Fiber Bran Muffins That Taste Good Tips","","High Fiber Bran Muffins That Taste Good - golden bran muffins with raisins on a simple breakfast tray","","High Fiber Recipes","","",""
"2026-03-29 13:00","Stop throwing away overripe bananas. Learn exactly how to freeze bananas for smoothies so they blend perfectly without ruining your blender.

#MealPrep #KitchenTips #HealthyEating #FoodStorage #BudgetMeals #MealPrepSunday #CleanEating #HealthyLifestyle","https://www.daily-life-hacks.com/how-to-freeze-strawberries-and-bananas-for-smoothies","https://www.daily-life-hacks.com/images/pins/how-to-freeze-bananas-for-smoothies_v1.jpg","How to Freeze Strawberries and Bananas for Smoothies","","How to Freeze Strawberries and Bananas for Smoothies - healthy tips tips","","Healthy Meal Prep & Kitchen Tips","","",""
"2026-03-29 15:02","Soft bran muffins with raisins, honey, and a cozy bakery feel. A practical make-ahead breakfast when you want more fiber without giving up flavor. #BranMuffins #HealthyBaking #BreakfastIdeas #HighFiber #MealPrepBreakfast #HomeBaking #EasyRecipes #CozyFood","https://www.daily-life-hacks.com/best-high-fiber-bran-muffins-that-taste-good","https://www.daily-life-hacks.com/images/pins/high-fiber-bran-muffins-that-taste-good_v3.jpg","Best High Fiber Bran Muffins That Taste Good","","High Fiber Bran Muffins That Taste Good - golden bran muffins with raisins on a simple breakfast tray","","High Fiber Recipes","","",""
"2026-03-29 16:23","Don't ruin your salad with sugar! DIY Tahini and Lemon dressing recipes packed with fiber and healthy fats. #SaladDressing #HealthySauce #TahiniRecipe #HealthyDressing #Tahini #HighFiber #SaladInspo #CleanEating","https://www.daily-life-hacks.com/high-fiber-salad-dressings-homemade","https://www.daily-life-hacks.com/images/pins/high-fiber-salad-dressings-homemade_v1.jpg","High Fiber Salad Dressings Homemade","","High Fiber Salad Dressings Homemade - fresh meal in glass containers for natural nutrition","","High Fiber Recipes","","",""
"2026-03-30 09:56","Buying good bread shouldn't mean rushing to eat it in two days. Here is how to keep bread fresh longer without mold taking over your loaf.

#MealPrep #KitchenTips #HealthyEating #FoodStorage #BudgetMeals #MealPrepSunday #CleanEating #HealthyLifestyle","https://www.daily-life-hacks.com/best-how-to-keep-bread-fresh-longer-without-mold","https://www.daily-life-hacks.com/images/pins/how-to-keep-bread-fresh-longer-without-mold_v3.jpg","Best How to Keep Bread Fresh Longer Without Mold","","Best How to Keep Bread Fresh Longer Without Mold - healthy tips tips","","Healthy Meal Prep & Kitchen Tips","","",""
"2026-03-30 10:48","Exhausted by weeknight cooking? Master the Sunday system with this ridiculously straightforward batch cooking for beginners weekly guide.

#MealPrep #KitchenTips #HealthyEating #FoodStorage #BudgetMeals #MealPrepSunday #CleanEating #HealthyLifestyle","https://www.daily-life-hacks.com/batch-cooking-for-beginners-weekly-guide-guide","https://www.daily-life-hacks.com/images/pins/batch-cooking-for-beginners-weekly-guide_v2.jpg","Batch Cooking for Beginners Weekly Guide Guide","","Batch Cooking for Beginners Weekly Guide Guide - healthy tips tips","","Healthy Meal Prep & Kitchen Tips","","",""
"2026-03-30 13:08","Fresh parsley, bulgur, cucumber, and lemon make this tabbouleh feel bright, hearty, and easy to prep ahead. #Tabbouleh #MediterraneanFood #HighFiberLunch #HealthyLunch #BulgurSalad #MealPrep #FreshRecipes #VeganRecipes","https://www.daily-life-hacks.com/tabbouleh-salad-high-fiber-bulgur-guide","https://www.daily-life-hacks.com/images/pins/tabbouleh-salad-high-fiber-bulgur_v3.jpg","Tabbouleh Salad High Fiber Bulgur Guide","","Tabbouleh Salad High Fiber Bulgur - fresh parsley salad with bulgur, tomatoes, and cucumber for a bright Mediterranean lunch","","High Fiber Recipes","","",""
"2026-03-30 15:14","Plant-based power! 5 Days of vegan high-fiber lunches. Tofu, quinoa, roasted veggies. Cheap and easy prep. #VeganMealPrep #HighFiberVegan #PlantBased #VeganPrep #MealPrepSunday #HighFiber #PlantPower #HealthyLunch","https://www.daily-life-hacks.com/vegan-high-fiber-meal-prep-for-week-guide","https://www.daily-life-hacks.com/images/pins/vegan-high-fiber-meal-prep-for-week_v1.jpg","Vegan High Fiber Meal Prep for Week Guide","","Vegan High Fiber Meal Prep for Week - fresh meal in glass containers with fresh vegetables, whole grains for natural nutrition","","High Fiber Recipes","","",""
"2026-03-30 16:42","Old school comfort. Hearty Split Pea Soup recipe with 16g fiber per bowl! Cheap, easy and perfect for winter. #SplitPeaSoup #BudgetMeals #HighFiberDinner #SoupSeason #HighFiber #ComfortFood #BudgetCooking #HealthyDinner","https://www.daily-life-hacks.com/how-much-fiber-in-a-bowl-of-split-pea-soup","https://www.daily-life-hacks.com/images/pins/split-pea-soup-recipe-high-fiber_v2.jpg","How Much Fiber in a Bowl of Split Pea Soup","","Split Pea Soup Recipe High Fiber - appetizing bowl with colorful ingredients for natural nutrition","","High Fiber Recipes","","",""
"2026-03-31 09:48","Pizza night is back! Crispy cauliflower pizza crust recipe. High fiber, gluten-free and low calorie. #CauliflowerPizza #HealthyPizza #HighFiberDinner #HealthyPizza #CauliflowerCrust #HighFiber #GuiltFree #DinnerIdeas","https://www.daily-life-hacks.com/high-fiber-pizza-crust-cauliflower-tips","https://www.daily-life-hacks.com/images/pins/high-fiber-pizza-crust-cauliflower_v3.jpg","High Fiber Pizza Crust Cauliflower Tips","","High Fiber Pizza Crust Cauliflower - appetizing food presentation for natural nutrition","","High Fiber Recipes","","",""
"2026-03-31 11:27","Whole wheat pasta and white pasta can look similar on the plate, but the fiber difference changes how filling the meal feels. #WholeWheat #PastaComparison #HighFiber #HealthySwaps #WholeGrains #EasyMeals #NutritionTips #SimpleChoices","https://www.daily-life-hacks.com/is-whole-wheat-pasta-better-than-white","https://www.daily-life-hacks.com/images/pins/whole-wheat-vs-white-pasta-fiber_v4.jpg","Is Whole Wheat Pasta Better Than White","","Cooked whole wheat pasta and white pasta plated side by side for a simple fiber comparison","","Gut Health & Nutrition Tips","","",""
"2026-03-31 13:03","Fiber works best when your hydration habits keep up. This simple guide breaks down the water and fiber balance that helps meals feel more comfortable day to day. #Hydration #FiberTips #GutHealth #HealthyHabits #NutritionTips #DailyWellness #BalancedEating #SimpleHealth","https://www.daily-life-hacks.com/water-and-fiber-the-golden-rule","https://www.daily-life-hacks.com/images/pins/water-and-fiber-the-golden-rule_v1.jpg","Water and Fiber the Golden Rule","","Water and Fiber The Golden Rule - simple hydration and fiber foods arranged for an everyday wellness guide","","Gut Health & Nutrition Tips","","",""
"2026-03-31 14:22","Sick of your expensive avocados turning brown immediately? Discover the best way to store avocados to stop browning and save your guacamole.

#MealPrep #KitchenTips #HealthyEating #FoodStorage #BudgetMeals #MealPrepSunday #CleanEating #HealthyLifestyle","https://www.daily-life-hacks.com/what-is-the-best-way-to-keep-avocados-from-browning","https://www.daily-life-hacks.com/images/pins/best-way-to-store-avocados-to-stop-browning_v3.jpg","What Is the Best Way to Keep Avocados From Browning","","What Is the Best Way to Keep Avocados From Browning - healthy tips tips","","Healthy Meal Prep & Kitchen Tips","","",""
"2026-03-31 17:33","Stuck at a drive-thru? This guide rounds up practical high-fiber fast food picks from places like Subway, Chipotle, and Starbucks for busier days. #FastFoodHacks #HealthyOnTheGo #HighFiber #QuickMeals #NutritionTips #EatingOut #SimpleChoices #BusyDays","https://www.daily-life-hacks.com/high-fiber-fast-food-options-guide-tips","https://www.daily-life-hacks.com/images/pins/high-fiber-fast-food-options-guide_v2.jpg","High Fiber Fast Food Options Guide Tips","","Takeout-style meal with beans, grains, vegetables, and toppings arranged on a tray for a quick comparison guide","","Gut Health & Nutrition Tips","","",""
"2026-04-01 09:19","Stop letting your produce rot. Discover how to store fruits and vegetables properly to double their lifespan and completely eliminate food waste.

#MealPrep #KitchenTips #HealthyEating #FoodStorage #BudgetMeals #MealPrepSunday #CleanEating #HealthyLifestyle","https://www.daily-life-hacks.com/how-to-properly-store-fruits-and-vegetables-in-the-fridge","https://www.daily-life-hacks.com/images/pins/how-to-store-fruits-and-vegetables-properly_v2.jpg","How to Properly Store Fruits and Vegetables in the Fridge","","How to Properly Store Fruits and Vegetables in the Fridge - healthy tips tips","","Healthy Meal Prep & Kitchen Tips","","",""
"2026-04-01 11:20","Tired of cooking in chaos? Learn exactly how to organize a small kitchen on a budget with these simple storage hacks.

#MealPrep #KitchenTips #HealthyEating #FoodStorage #BudgetMeals #MealPrepSunday #CleanEating #HealthyLifestyle","https://www.daily-life-hacks.com/how-to-organize-a-small-kitchen","https://www.daily-life-hacks.com/images/pins/how-to-organize-a-small-kitchen-on-a-budget_v3.jpg","How to Organize a Small Kitchen","","How to Organize a Small Kitchen - healthy tips tips","","Healthy Meal Prep & Kitchen Tips","","",""
"2026-04-01 13:03","Low carb, high fiber! 5 delicious cauliflower rice recipes that taste like the real thing. Fried rice, burrito bowls and more. #CauliflowerRice #KetoRecipes #HighFiber #CauliflowerRice #LowCarb #HighFiber #KetoDinner #VeggieLoaded","https://www.daily-life-hacks.com/high-fiber-cauliflower-rice-recipes","https://www.daily-life-hacks.com/images/pins/high-fiber-cauliflower-rice-recipes_v4.jpg","High Fiber Cauliflower Rice Recipes","","High Fiber Cauliflower Rice Recipes - dynamic cooking action shot for natural nutrition","","High Fiber Recipes","","",""
"2026-04-01 15:09","Popcorn and potato chips may both feel snacky, but the fiber difference makes them a very different fit for everyday snacking. #SnackSwap #FiberFacts #HealthyChoices #SnackIdeas #Popcorn #PotatoChips #SimpleComparison #EverydayNutrition","https://www.daily-life-hacks.com/popcorn-vs-potato-chips-fiber-comparison","https://www.daily-life-hacks.com/images/pins/popcorn-vs-potato-chips-fiber-comparison_v1.jpg","Popcorn Vs Potato Chips Fiber Comparison","","Bowl of popcorn and bowl of potato chips arranged side by side for a quick snack comparison","","Gut Health & Nutrition Tips","","",""
"2026-04-01 16:49","You won't believe they are healthy! Fudgy black bean brownies packed with fiber and protein. Gluten-free and guilt-free treat. #BlackBeanBrownies #HealthyDessert #HighFiberSweets #HealthyBrownies #GuiltFreeDessert #HiddenVeggie #HighFiber #GlutenFreeBaking","https://www.daily-life-hacks.com/black-bean-brownies-hidden-fiber-dessert-tips","https://www.daily-life-hacks.com/images/pins/black-bean-brownies-hidden-fiber-dessert_v3.jpg","Black Bean Brownies Hidden Fiber Dessert Tips","","Black Bean Brownies Hidden Fiber Dessert - appetizing food presentation for natural nutrition","","High Fiber Recipes","","",""
"2026-04-02 09:53","Sweet and Savory. Pear, Walnut and Blue Cheese salad. Pears are one of the highest fiber fruits! #PearSalad #HealthyDinner #HighFiberRecipes #SaladRecipe #HighFiberFruit #HealthyEating #GourmetSalad #GutHealth","https://www.daily-life-hacks.com/pear-salad-with-walnuts-fiber-rich-tips","https://www.daily-life-hacks.com/images/pins/pear-salad-with-walnuts-fiber-rich_v2.jpg","Pear Salad with Walnuts Fiber Rich Tips","","Pear Salad with Walnuts Fiber Rich - professionally plated meal for natural nutrition","","High Fiber Recipes","","",""
"2026-04-02 11:38","A simple 30-day high-fiber meal plan with easy recipes, grocery ideas, and practical daily habits you can actually keep up with. #HighFiberMeals #MealPlanIdeas #GutFriendlyFoods #EasyRecipes #HealthyHabits #WeeklyPrep #SimpleNutrition #DailyRoutine","https://www.daily-life-hacks.com/30-day-high-fiber-challenge-meal-plan-tips","https://www.daily-life-hacks.com/images/pins/30-day-high-fiber-challenge-meal-plan_v2.jpg","30 Day High Fiber Challenge Meal Plan Tips","","Weekly meal planner surrounded by fresh produce, simple recipes, and notes for easy high-fiber meals","","Gut Health & Nutrition Tips","","",""
"2026-04-02 13:32","Dinner in 10 mins. High Fiber Veggie Stir-Fry with broccoli, snap peas and peppers. Low calorie volume eating. #StirFry #VeggieDinner #HighFiber #StirFry #HealthyDinner #VolumeEating #HighFiber #VeganFood","https://www.daily-life-hacks.com/high-fibre-stir-fry-recipes","https://www.daily-life-hacks.com/images/pins/high-fiber-stir-fry-vegetables_v4.jpg","High Fibre Stir Fry Recipes","","High Fiber Stir Fry Vegetables - dynamic cooking action shot for natural nutrition","","High Fiber Recipes","","",""
"2026-04-02 15:40","Never get bored! 4 Chia Pudding flavors: Chocolate, Berry, Mango and Vanilla. High fiber meal prep breakfast. #ChiaPudding #BreakfastIdeas #HighFiber #ChiaSeeds #HealthyBreakfast #MealPrep #HighFiber #GutHealth","https://www.daily-life-hacks.com/can-you-eat-chia-seed-pudding-for-breakfast","https://www.daily-life-hacks.com/images/pins/chia-pudding-variations-for-breakfast_v2.jpg","Can You Eat Chia Seed Pudding for Breakfast","","Chia Pudding Variations for Breakfast - overhead view of prepared meal with chia seeds for a healthy morning","","High Fiber Recipes","","",""
"2026-04-02 17:02","Whole wheat pasta and white pasta can look similar on the plate, but the fiber difference changes how filling the meal feels. #WholeWheat #PastaComparison #HighFiber #HealthySwaps #WholeGrains #EasyMeals #NutritionTips #SimpleChoices","https://www.daily-life-hacks.com/whole-wheat-vs-regular-pasta-fiber","https://www.daily-life-hacks.com/images/pins/whole-wheat-vs-white-pasta-fiber_v2.jpg","Whole Wheat Vs Regular Pasta Fiber","","Cooked whole wheat pasta and white pasta plated side by side for a simple fiber comparison","","Gut Health & Nutrition Tips","","",""
"2026-04-03 09:56","Pizza night is back! Crispy cauliflower pizza crust recipe. High fiber, gluten-free and low calorie. #CauliflowerPizza #HealthyPizza #HighFiberDinner #HealthyPizza #CauliflowerCrust #HighFiber #GuiltFree #DinnerIdeas","https://www.daily-life-hacks.com/high-fiber-pizza-crust-cauliflower","https://www.daily-life-hacks.com/images/pins/high-fiber-pizza-crust-cauliflower_v1.jpg","High Fiber Pizza Crust Cauliflower","","High Fiber Pizza Crust Cauliflower - appetizing food presentation for natural nutrition","","High Fiber Recipes","","",""
"2026-04-03 11:14","Don't throw away that sad spinach! Find out exactly how to revive wilted lettuce and greens with one simple, practically magical kitchen hack.

#MealPrep #KitchenTips #HealthyEating #FoodStorage #BudgetMeals #MealPrepSunday #CleanEating #HealthyLifestyle","https://www.daily-life-hacks.com/how-to-revive-wilted-salad-greens","https://www.daily-life-hacks.com/images/pins/how-to-revive-wilted-lettuce-and-greens_v3.jpg","How to Revive Wilted Salad Greens","","How to Revive Wilted Salad Greens - healthy tips tips","","Healthy Meal Prep & Kitchen Tips","","",""
"2026-04-03 12:46","Pizza night is back! Crispy cauliflower pizza crust recipe. High fiber, gluten-free and low calorie. #CauliflowerPizza #HealthyPizza #HighFiberDinner #HealthyPizza #CauliflowerCrust #HighFiber #GuiltFree #DinnerIdeas","https://www.daily-life-hacks.com/high-fiber-pizza-crust-cauliflower-guide","https://www.daily-life-hacks.com/images/pins/high-fiber-pizza-crust-cauliflower_v2.jpg","High Fiber Pizza Crust Cauliflower Guide","","High Fiber Pizza Crust Cauliflower - appetizing food presentation for natural nutrition","","High Fiber Recipes","","",""
"2026-04-03 15:12","Low carb, high fiber! 5 delicious cauliflower rice recipes that taste like the real thing. Fried rice, burrito bowls and more. #CauliflowerRice #KetoRecipes #HighFiber #CauliflowerRice #LowCarb #HighFiber #KetoDinner #VeggieLoaded","https://www.daily-life-hacks.com/high-fiber-cauliflower-rice-recipes-guide","https://www.daily-life-hacks.com/images/pins/high-fiber-cauliflower-rice-recipes_v1.jpg","High Fiber Cauliflower Rice Recipes Guide","","High Fiber Cauliflower Rice Recipes - dynamic cooking action shot for natural nutrition","","High Fiber Recipes","","",""
"2026-04-03 16:43","Better than store bought! Creamy high-fiber hummus recipe with extra chickpeas and tahini. Perfect dip for veggies. #HummusRecipe #HealthyDip #HighFiberSnack #Hummus #HealthySnack #PlantBased #HighFiber #MediterraneanFood","https://www.daily-life-hacks.com/high-fiber-hummus-recipe-homemade","https://www.daily-life-hacks.com/images/pins/high-fiber-hummus-recipe-homemade_v1.jpg","High Fiber Hummus Recipe Homemade","","High Fiber Hummus Recipe Homemade - professionally plated meal with fresh vegetables, chickpeas for healthy snacking","","High Fiber Recipes","","",""
"2026-04-04 09:10","Inflation making the checkout line painful? Learn how to make grocery shopping cheaper with these incredibly effective, psychology-based strategies.

#MealPrep #KitchenTips #HealthyEating #FoodStorage #BudgetMeals #MealPrepSunday #CleanEating #HealthyLifestyle","https://www.daily-life-hacks.com/how-to-make-grocery-shopping-cheap","https://www.daily-life-hacks.com/images/pins/how-to-make-grocery-shopping-cheaper_v2.jpg","How to Make Grocery Shopping Cheap","","How to Make Grocery Shopping Cheap - healthy tips tips","","Healthy Meal Prep & Kitchen Tips","","",""
"2026-04-04 11:11","Don't ruin your salad with sugar! DIY Tahini and Lemon dressing recipes packed with fiber and healthy fats. #SaladDressing #HealthySauce #TahiniRecipe #HealthyDressing #Tahini #HighFiber #SaladInspo #CleanEating","https://www.daily-life-hacks.com/high-fiber-salad-dressings-homemade-tips","https://www.daily-life-hacks.com/images/pins/high-fiber-salad-dressings-homemade_v3.jpg","High Fiber Salad Dressings Homemade Tips","","High Fiber Salad Dressings Homemade - fresh meal in glass containers for natural nutrition","","High Fiber Recipes","","",""
"2026-04-04 12:31","Feeling confused in the grocery aisle? Here is a dead simple guide on how to read nutrition labels for beginners without needing a science degree.

#MealPrep #KitchenTips #HealthyEating #FoodStorage #BudgetMeals #MealPrepSunday #CleanEating #HealthyLifestyle","https://www.daily-life-hacks.com/how-to-read-food-nutrition-labels","https://www.daily-life-hacks.com/images/pins/how-to-read-nutrition-labels-for-beginners_v3.jpg","How to Read Food Nutrition Labels","","How to Read Food Nutrition Labels - healthy tips tips","","Healthy Meal Prep & Kitchen Tips","","",""
"2026-04-04 14:37","Stuck at a drive-thru? This guide rounds up practical high-fiber fast food picks from places like Subway, Chipotle, and Starbucks for busier days. #FastFoodHacks #HealthyOnTheGo #HighFiber #QuickMeals #NutritionTips #EatingOut #SimpleChoices #BusyDays","https://www.daily-life-hacks.com/high-fiber-fast-food-options-guide-guide","https://www.daily-life-hacks.com/images/pins/high-fiber-fast-food-options-guide_v4.jpg","High Fiber Fast Food Options Guide Guide","","Takeout-style meal with beans, grains, vegetables, and toppings arranged on a tray for a quick comparison guide","","Gut Health & Nutrition Tips","","",""
"2026-04-04 17:05","Tired of your cilantro turning into green slime? Here is exactly how to store fresh herbs to last longer and save money.

#MealPrep #KitchenTips #HealthyEating #FoodStorage #BudgetMeals #MealPrepSunday #CleanEating #HealthyLifestyle","https://www.daily-life-hacks.com/how-to-store-herbs-to-keep-them-fresh","https://www.daily-life-hacks.com/images/pins/how-to-store-fresh-herbs-to-last-longer_v2.jpg","How to Store Herbs to Keep Them Fresh","","How to Store Herbs to Keep Them Fresh - healthy tips tips","","Healthy Meal Prep & Kitchen Tips","","",""
"2026-04-05 09:59","Don't ruin your salad with sugar! DIY Tahini and Lemon dressing recipes packed with fiber and healthy fats. #SaladDressing #HealthySauce #TahiniRecipe #HealthyDressing #Tahini #HighFiber #SaladInspo #CleanEating","https://www.daily-life-hacks.com/best-high-fiber-salad-dressings-homemade","https://www.daily-life-hacks.com/images/pins/high-fiber-salad-dressings-homemade_v4.jpg","Best High Fiber Salad Dressings Homemade","","High Fiber Salad Dressings Homemade - fresh meal in glass containers for natural nutrition","","High Fiber Recipes","","",""
"2026-04-05 11:22","Exhausted by weeknight cooking? Master the Sunday system with this ridiculously straightforward batch cooking for beginners weekly guide.

#MealPrep #KitchenTips #HealthyEating #FoodStorage #BudgetMeals #MealPrepSunday #CleanEating #HealthyLifestyle","https://www.daily-life-hacks.com/batch-cooking-for-beginners-weekly-guide-tips","https://www.daily-life-hacks.com/images/pins/batch-cooking-for-beginners-weekly-guide_v3.jpg","Batch Cooking for Beginners Weekly Guide Tips","","Batch Cooking for Beginners Weekly Guide Tips - healthy tips tips","","Healthy Meal Prep & Kitchen Tips","","",""
"2026-04-05 13:40","Warm peppermint and ginger tea with a fresh, cozy flavor. A simple after-dinner drink that fits beautifully into a calm evening routine. #HerbalTea #PeppermintTea #GingerTea #WarmDrink #TeaRecipe #HealthyHabits #AfterDinnerTea #CozyKitchen","https://www.daily-life-hacks.com/gut-health-tea-peppermint-ginger","https://www.daily-life-hacks.com/images/pins/gut-health-tea-peppermint-ginger_v1.jpg","Gut Health Tea Peppermint Ginger","","Gut Health Tea Peppermint Ginger - warm herbal tea with ginger and mint in a simple glass mug","","Gut Health & Nutrition Tips","","",""
"2026-04-05 14:42","Kickstart your morning with these simple, gut-loving high-fiber breakfasts. Chia pudding, overnight oats and veggie smoothies to keep you full and support microbiome health all day! Perfect for busy lifestyles. #HighFiberBreakfast #GutFriendly #HealthyStart #HighFiberBreakfast #GutHealth #EasyRecipes #HealthyBreakfastIdeas #FiberRich","https://www.daily-life-hacks.com/easy-high-fiber-breakfast-ideas-for-gut-health-guide","https://www.daily-life-hacks.com/images/pins/easy-high-fiber-breakfast-ideas-for-gut-health_v2.jpg","Easy High Fiber Breakfast Ideas for Gut Health Guide","","Easy High Fiber Breakfast Ideas for Gut Health - beautiful breakfast bowls with fresh toppings with oats, chia seeds for a healthy morning","","High Fiber Recipes","","",""
"2026-04-05 17:21","Popcorn and potato chips may both feel snacky, but the fiber difference makes them a very different fit for everyday snacking. #SnackSwap #FiberFacts #HealthyChoices #SnackIdeas #Popcorn #PotatoChips #SimpleComparison #EverydayNutrition","https://www.daily-life-hacks.com/best-popcorn-vs-potato-chips-fiber-comparison","https://www.daily-life-hacks.com/images/pins/popcorn-vs-potato-chips-fiber-comparison_v4.jpg","Best Popcorn Vs Potato Chips Fiber Comparison","","Bowl of popcorn and bowl of potato chips arranged side by side for a quick snack comparison","","Gut Health & Nutrition Tips","","",""
"2026-04-06 09:43","Stop throwing away overripe bananas. Learn exactly how to freeze bananas for smoothies so they blend perfectly without ruining your blender.

#MealPrep #KitchenTips #HealthyEating #FoodStorage #BudgetMeals #MealPrepSunday #CleanEating #HealthyLifestyle","https://www.daily-life-hacks.com/how-to-freeze-bananas-to-make-smoothies","https://www.daily-life-hacks.com/images/pins/how-to-freeze-bananas-for-smoothies_v3.jpg","How to Freeze Bananas to Make Smoothies","","How to Freeze Bananas to Make Smoothies - healthy tips tips","","Healthy Meal Prep & Kitchen Tips","","",""
"2026-04-06 11:08","You won't believe they are healthy! Fudgy black bean brownies packed with fiber and protein. Gluten-free and guilt-free treat. #BlackBeanBrownies #HealthyDessert #HighFiberSweets #HealthyBrownies #GuiltFreeDessert #HiddenVeggie #HighFiber #GlutenFreeBaking","https://www.daily-life-hacks.com/black-bean-brownies-hidden-fiber-dessert","https://www.daily-life-hacks.com/images/pins/black-bean-brownies-hidden-fiber-dessert_v1.jpg","Black Bean Brownies Hidden Fiber Dessert","","Black Bean Brownies Hidden Fiber Dessert - appetizing food presentation for natural nutrition","","High Fiber Recipes","","",""
"2026-04-06 13:19","Sick of your expensive avocados turning brown immediately? Discover the best way to store avocados to stop browning and save your guacamole.

#MealPrep #KitchenTips #HealthyEating #FoodStorage #BudgetMeals #MealPrepSunday #CleanEating #HealthyLifestyle","https://www.daily-life-hacks.com/how-to-store-avocados-to-prevent-browning","https://www.daily-life-hacks.com/images/pins/best-way-to-store-avocados-to-stop-browning_v4.jpg","How to Store Avocados to Prevent Browning","","How to Store Avocados to Prevent Browning - healthy tips tips","","Healthy Meal Prep & Kitchen Tips","","",""
"2026-04-06 14:29","Inflation making the checkout line painful? Learn how to make grocery shopping cheaper with these incredibly effective, psychology-based strategies.

#MealPrep #KitchenTips #HealthyEating #FoodStorage #BudgetMeals #MealPrepSunday #CleanEating #HealthyLifestyle","https://www.daily-life-hacks.com/ways-to-make-grocery-shopping-cheaper","https://www.daily-life-hacks.com/images/pins/how-to-make-grocery-shopping-cheaper_v1.jpg","Ways to Make Grocery Shopping Cheaper","","Ways to Make Grocery Shopping Cheaper - healthy tips tips","","Healthy Meal Prep & Kitchen Tips","","",""
"2026-04-06 17:29","Better than store bought! Creamy high-fiber hummus recipe with extra chickpeas and tahini. Perfect dip for veggies. #HummusRecipe #HealthyDip #HighFiberSnack #Hummus #HealthySnack #PlantBased #HighFiber #MediterraneanFood","https://www.daily-life-hacks.com/high-fiber-hummus-recipe-homemade-tips","https://www.daily-life-hacks.com/images/pins/high-fiber-hummus-recipe-homemade_v3.jpg","High Fiber Hummus Recipe Homemade Tips","","High Fiber Hummus Recipe Homemade - professionally plated meal with fresh vegetables, chickpeas for healthy snacking","","High Fiber Recipes","","",""
"2026-04-07 09:20","Stop letting your produce rot. Discover how to store fruits and vegetables properly to double their lifespan and completely eliminate food waste.

#MealPrep #KitchenTips #HealthyEating #FoodStorage #BudgetMeals #MealPrepSunday #CleanEating #HealthyLifestyle","https://www.daily-life-hacks.com/how-to-properly-store-fruits-and-vegetables-chart","https://www.daily-life-hacks.com/images/pins/how-to-store-fruits-and-vegetables-properly_v3.jpg","How to Properly Store Fruits and Vegetables Chart","","How to Properly Store Fruits and Vegetables Chart - healthy tips tips","","Healthy Meal Prep & Kitchen Tips","","",""
"2026-04-07 11:07","Stop throwing money in the trash. Discover how to reduce food waste at home with easy tips that actually fit into your busy schedule.

#MealPrep #KitchenTips #HealthyEating #FoodStorage #BudgetMeals #MealPrepSunday #CleanEating #HealthyLifestyle","https://www.daily-life-hacks.com/how-to-reduce-food-waste-at-home-easy-tips-guide","https://www.daily-life-hacks.com/images/pins/how-to-reduce-food-waste-at-home-easy-tips_v2.jpg","How to Reduce Food Waste At Home Easy Tips Guide","","How to Reduce Food Waste At Home Easy Tips Guide - healthy tips tips","","Healthy Meal Prep & Kitchen Tips","","",""
"2026-04-07 13:38","You won't believe they are healthy! Fudgy black bean brownies packed with fiber and protein. Gluten-free and guilt-free treat. #BlackBeanBrownies #HealthyDessert #HighFiberSweets #HealthyBrownies #GuiltFreeDessert #HiddenVeggie #HighFiber #GlutenFreeBaking","https://www.daily-life-hacks.com/best-black-bean-brownies-hidden-fiber-dessert","https://www.daily-life-hacks.com/images/pins/black-bean-brownies-hidden-fiber-dessert_v4.jpg","Best Black Bean Brownies Hidden Fiber Dessert","","Black Bean Brownies Hidden Fiber Dessert - appetizing food presentation for natural nutrition","","High Fiber Recipes","","",""
"2026-04-07 14:42","Layer your way to health! Greek yogurt, high-fiber granola and mixed berries parfait. 15g of fiber to start your day. #YogurtParfait #HealthyBreakfast #GutHealth #ParfaitRecipe #HighFiber #BreakfastGoals #GutFriendly #HealthyStart","https://www.daily-life-hacks.com/best-high-fiber-yogurt-parfait-for-breakfast","https://www.daily-life-hacks.com/images/pins/high-fiber-yogurt-parfait-for-breakfast_v4.jpg","Best High Fiber Yogurt Parfait for Breakfast","","High Fiber Yogurt Parfait for Breakfast - fresh meal in glass containers with berries, yogurt for a healthy morning","","High Fiber Recipes","","",""
"2026-04-07 17:20","Popcorn is a whole grain! Healthy high-fiber popcorn toppings: Nutritional yeast, chili lime and cinnamon. Ditch the butter. #HealthyPopcorn #SnackHacks #HighFiber #Popcorn #HealthySnacks #HighFiber #MovieNightSnack #WholeGrain","https://www.daily-life-hacks.com/high-fiber-popcorn-toppings-healthy-guide","https://www.daily-life-hacks.com/images/pins/high-fiber-popcorn-toppings-healthy_v4.jpg","High Fiber Popcorn Toppings Healthy Guide","","High Fiber Popcorn Toppings Healthy - appetizing bowl with colorful ingredients for healthy snacking","","High Fiber Recipes","","",""
"2026-04-08 10:04","A simple 30-day high-fiber meal plan with easy recipes, grocery ideas, and practical daily habits you can actually keep up with. #HighFiberMeals #MealPlanIdeas #GutFriendlyFoods #EasyRecipes #HealthyHabits #WeeklyPrep #SimpleNutrition #DailyRoutine","https://www.daily-life-hacks.com/30-day-high-fiber-challenge-meal-plan-guide","https://www.daily-life-hacks.com/images/pins/30-day-high-fiber-challenge-meal-plan_v4.jpg","30 Day High Fiber Challenge Meal Plan Guide","","Weekly meal planner surrounded by fresh produce, simple recipes, and notes for easy high-fiber meals","","Gut Health & Nutrition Tips","","",""
"2026-04-08 11:51","High-protein, high-fiber meals with beans, chicken, lentils, vegetables, and grains can make dinner feel more balanced and satisfying. #HighProteinHighFiber #BalancedMeals #EasyDinner #MealIdeas #FiberRich #ProteinPacked #SimpleCooking #WeeknightMeals","https://www.daily-life-hacks.com/what-is-a-high-protein-high-fiber-diet","https://www.daily-life-hacks.com/images/pins/high-protein-high-fiber-meals-for-weight-loss_v1.jpg","What Is a High Protein High Fiber Diet","","Balanced plate with lentils, vegetables, grains, and protein arranged for a hearty everyday meal","","High Fiber Recipes","","",""
"2026-04-08 12:53","Feeling overwhelmed by the kitchen? Start here with these totally manageable freezer meal prep ideas for beginners and save your weeknights.

#MealPrep #KitchenTips #HealthyEating #FoodStorage #BudgetMeals #MealPrepSunday #CleanEating #HealthyLifestyle","https://www.daily-life-hacks.com/easy-meal-prep-ideas-to-freeze","https://www.daily-life-hacks.com/images/pins/freezer-meal-prep-ideas-for-beginners_v1.jpg","Easy Meal Prep Ideas to Freeze","","Easy Meal Prep Ideas to Freeze - healthy tips tips","","Healthy Meal Prep & Kitchen Tips","","",""
"2026-04-08 14:52","Popcorn is a whole grain! Healthy high-fiber popcorn toppings: Nutritional yeast, chili lime and cinnamon. Ditch the butter. #HealthyPopcorn #SnackHacks #HighFiber #Popcorn #HealthySnacks #HighFiber #MovieNightSnack #WholeGrain","https://www.daily-life-hacks.com/high-fiber-popcorn-toppings-healthy-tips","https://www.daily-life-hacks.com/images/pins/high-fiber-popcorn-toppings-healthy_v3.jpg","High Fiber Popcorn Toppings Healthy Tips","","High Fiber Popcorn Toppings Healthy - appetizing bowl with colorful ingredients for healthy snacking","","High Fiber Recipes","","",""
"2026-04-08 16:59","Tired of your cilantro turning into green slime? Here is exactly how to store fresh herbs to last longer and save money.

#MealPrep #KitchenTips #HealthyEating #FoodStorage #BudgetMeals #MealPrepSunday #CleanEating #HealthyLifestyle","https://www.daily-life-hacks.com/how-to-make-fresh-herbs-last-longer","https://www.daily-life-hacks.com/images/pins/how-to-store-fresh-herbs-to-last-longer_v4.jpg","How to Make Fresh Herbs Last Longer","","How to Make Fresh Herbs Last Longer - healthy tips tips","","Healthy Meal Prep & Kitchen Tips","","",""
"2026-04-09 09:58","Plant-based power! 5 Days of vegan high-fiber lunches. Tofu, quinoa, roasted veggies. Cheap and easy prep. #VeganMealPrep #HighFiberVegan #PlantBased #VeganPrep #MealPrepSunday #HighFiber #PlantPower #HealthyLunch","https://www.daily-life-hacks.com/best-vegan-high-fiber-meal-prep-for-week","https://www.daily-life-hacks.com/images/pins/vegan-high-fiber-meal-prep-for-week_v3.jpg","Best Vegan High Fiber Meal Prep for Week","","Vegan High Fiber Meal Prep for Week - fresh meal in glass containers with fresh vegetables, whole grains for natural nutrition","","High Fiber Recipes","","",""
"2026-04-09 11:28","Never get bored! 4 Chia Pudding flavors: Chocolate, Berry, Mango and Vanilla. High fiber meal prep breakfast. #ChiaPudding #BreakfastIdeas #HighFiber #ChiaSeeds #HealthyBreakfast #MealPrep #HighFiber #GutHealth","https://www.daily-life-hacks.com/chia-pudding-recipes-for-breakfast","https://www.daily-life-hacks.com/images/pins/chia-pudding-variations-for-breakfast_v4.jpg","Chia Pudding Recipes for Breakfast","","Chia Pudding Variations for Breakfast - overhead view of prepared meal with chia seeds for a healthy morning","","High Fiber Recipes","","",""
"2026-04-09 12:59","You won't believe they are healthy! Fudgy black bean brownies packed with fiber and protein. Gluten-free and guilt-free treat. #BlackBeanBrownies #HealthyDessert #HighFiberSweets #HealthyBrownies #GuiltFreeDessert #HiddenVeggie #HighFiber #GlutenFreeBaking","https://www.daily-life-hacks.com/black-bean-brownies-hidden-fiber-dessert-guide","https://www.daily-life-hacks.com/images/pins/black-bean-brownies-hidden-fiber-dessert_v2.jpg","Black Bean Brownies Hidden Fiber Dessert Guide","","Black Bean Brownies Hidden Fiber Dessert - appetizing food presentation for natural nutrition","","High Fiber Recipes","","",""
"2026-04-09 15:21","Steamed artichoke with lemon and garlic is one of those simple dishes that feels fresh, satisfying, and a little special. #ArtichokeRecipes #GutFriendlyMeals #HighFiberVeggies #VegetarianDinner #MediterraneanFood #FiberRich #SimpleCooking #FreshIngredients","https://www.daily-life-hacks.com/artichoke-recipes-for-gut-health-guide","https://www.daily-life-hacks.com/images/pins/artichoke-recipes-for-gut-health_v3.jpg","Artichoke Recipes for Gut Health","","Artichoke Recipes for Gut Health - steamed artichoke with lemon and garlic on a fresh dinner plate","","High Fiber Recipes","","",""
"2026-04-09 16:53","Popcorn and potato chips may both feel snacky, but the fiber difference makes them a very different fit for everyday snacking. #SnackSwap #FiberFacts #HealthyChoices #SnackIdeas #Popcorn #PotatoChips #SimpleComparison #EverydayNutrition","https://www.daily-life-hacks.com/popcorn-vs-potato-chips-fiber-comparison-tips","https://www.daily-life-hacks.com/images/pins/popcorn-vs-potato-chips-fiber-comparison_v3.jpg","Popcorn Vs Potato Chips Fiber Comparison Tips","","Bowl of popcorn and bowl of potato chips arranged side by side for a quick snack comparison","","Gut Health & Nutrition Tips","","",""
"2026-04-10 09:25","A simple 30-day high-fiber meal plan with easy recipes, grocery ideas, and practical daily habits you can actually keep up with. #HighFiberMeals #MealPlanIdeas #GutFriendlyFoods #EasyRecipes #HealthyHabits #WeeklyPrep #SimpleNutrition #DailyRoutine","https://www.daily-life-hacks.com/best-30-day-high-fiber-challenge-meal-plan","https://www.daily-life-hacks.com/images/pins/30-day-high-fiber-challenge-meal-plan_v3.jpg","Best 30 Day High Fiber Challenge Meal Plan","","Weekly meal planner surrounded by fresh produce, simple recipes, and notes for easy high-fiber meals","","Gut Health & Nutrition Tips","","",""
