row_id,pin_title,pin_description,alt_text,image_url,board_id,link,scheduled_date,status,pin_id,published_date,pinterest_response
txt-animal-protein-per-dollar-ranked-a,"The cheapest animal protein isn't chicken breast. It's drumsticks, at 50g per dollar.","The cheapest animal protein isn't chicken breast. It's drumsticks, at 50g per dollar. All 21 ranked: meat, fish, eggs, dairy. Based on USDA FoodData Central nutrition data and real July 2026 store prices, with the full methodology on the site.","Text graphic on an orange background stating: The cheapest animal protein isn't chicken breast. It's drumsticks, at 50g per dollar.",https://www.daily-life-hacks.com/images/pins/txt-animal-protein-per-dollar-ranked-a.jpg,1124140825679640841,https://www.daily-life-hacks.com/animal-protein-per-dollar-ranked,,PENDING,,,
txt-animal-protein-per-dollar-ranked-b,Eggs beat every fish we priced on protein per dollar: 34.4 vs 22.4 for canned tuna.,"Eggs beat every fish we priced on protein per dollar: 34.4 vs 22.4 for canned tuna. The full animal-protein ranking is on the site. Based on USDA FoodData Central nutrition data and real July 2026 store prices, with the full methodology on the site.",Text graphic on a cream background stating: Eggs beat every fish we priced on protein per dollar: 34.4 vs 22.4 for canned tuna.,https://www.daily-life-hacks.com/images/pins/txt-animal-protein-per-dollar-ranked-b.jpg,1124140825679640841,https://www.daily-life-hacks.com/animal-protein-per-dollar-ranked,,PENDING,,,
txt-beans-double-win-fiber-protein-a,Pinto beans deliver 169g of protein plus fiber per dollar. Nothing we priced comes close.,"Pinto beans deliver 169g of protein plus fiber per dollar. Nothing we priced comes close. 10 beans scored on both nutrients at once. Based on USDA FoodData Central nutrition data and real July 2026 store prices, with the full methodology on the site.",Text graphic on a dark navy background stating: Pinto beans deliver 169g of protein plus fiber per dollar. Nothing we priced comes close.,https://www.daily-life-hacks.com/images/pins/txt-beans-double-win-fiber-protein-a.jpg,1124140825679640841,https://www.daily-life-hacks.com/beans-double-win-fiber-protein,,PENDING,,,
txt-beans-double-win-fiber-protein-b,Beans are the only aisle that wins the protein column and the fiber column at once.,"Beans are the only aisle that wins the protein column and the fiber column at once. The double-win ranking, priced on the site. Based on USDA FoodData Central nutrition data and real July 2026 store prices, with the full methodology on the site.",Text graphic on an orange background stating: Beans are the only aisle that wins the protein column and the fiber column at once.,https://www.daily-life-hacks.com/images/pins/txt-beans-double-win-fiber-protein-b.jpg,1124140825679640841,https://www.daily-life-hacks.com/beans-double-win-fiber-protein,,PENDING,,,
txt-breakfast-staples-per-dollar-a,Oats deliver 82g of protein plus fiber per dollar. The cereal aisle can't touch that.,"Oats deliver 82g of protein plus fiber per dollar. The cereal aisle can't touch that. 9 breakfast staples ranked by real value. Based on USDA FoodData Central nutrition data and real July 2026 store prices, with the full methodology on the site.",Text graphic on a cream background stating: Oats deliver 82g of protein plus fiber per dollar. The cereal aisle can't touch that.,https://www.daily-life-hacks.com/images/pins/txt-breakfast-staples-per-dollar-a.jpg,1124140825679640841,https://www.daily-life-hacks.com/breakfast-staples-per-dollar,,PENDING,,,
txt-breakfast-staples-per-dollar-b,"Eggs, oats, and peanut butter: the whole breakfast value podium, priced.","Eggs, oats, and peanut butter: the whole breakfast value podium, priced. 9 staples ranked by nutrition per dollar. Based on USDA FoodData Central nutrition data and real July 2026 store prices, with the full methodology on the site.","Text graphic on a dark navy background stating: Eggs, oats, and peanut butter: the whole breakfast value podium, priced.",https://www.daily-life-hacks.com/images/pins/txt-breakfast-staples-per-dollar-b.jpg,1124140825679640841,https://www.daily-life-hacks.com/breakfast-staples-per-dollar,,PENDING,,,
txt-canned-vs-dry-beans-cost-a,Canned beans cost about 2.7x more per gram of protein than dry. Still cheaper than chicken.,"Canned beans cost about 2.7x more per gram of protein than dry. Still cheaper than chicken. The convenience tax, calculated bean by bean. Based on USDA FoodData Central nutrition data and real July 2026 store prices, with the full methodology on the site.",Text graphic on an orange background stating: Canned beans cost about 2.7x more per gram of protein than dry. Still cheaper than chicken.,https://www.daily-life-hacks.com/images/pins/txt-canned-vs-dry-beans-cost-a.jpg,1124140825679640841,https://www.daily-life-hacks.com/canned-vs-dry-beans-cost,,PENDING,,,
txt-canned-vs-dry-beans-cost-b,Dry black beans: 81g of protein per dollar. The same beans canned: 30.1.,"Dry black beans: 81g of protein per dollar. The same beans canned: 30.1. Every bean priced both ways on the site. Based on USDA FoodData Central nutrition data and real July 2026 store prices, with the full methodology on the site.",Text graphic on a cream background stating: Dry black beans: 81g of protein per dollar. The same beans canned: 30.1.,https://www.daily-life-hacks.com/images/pins/txt-canned-vs-dry-beans-cost-b.jpg,1124140825679640841,https://www.daily-life-hacks.com/canned-vs-dry-beans-cost,,PENDING,,,
txt-cheapest-complete-protein-pairs-a,Beans and grains complete each other's protein. The best combo delivers 97g per dollar.,"Beans and grains complete each other's protein. The best combo delivers 97g per dollar. 20 legume and grain combos, priced. Based on USDA FoodData Central nutrition data and real July 2026 store prices, with the full methodology on the site.",Text graphic on a dark navy background stating: Beans and grains complete each other's protein. The best combo delivers 97g per dollar.,https://www.daily-life-hacks.com/images/pins/txt-cheapest-complete-protein-pairs-a.jpg,1124140825679640841,https://www.daily-life-hacks.com/cheapest-complete-protein-pairs,,PENDING,,,
txt-cheapest-complete-protein-pairs-b,The oldest budget meal on earth is still the best protein math in the store.,"The oldest budget meal on earth is still the best protein math in the store. 20 rice-and-beans combos priced on the site. Based on USDA FoodData Central nutrition data and real July 2026 store prices, with the full methodology on the site.",Text graphic on an orange background stating: The oldest budget meal on earth is still the best protein math in the store.,https://www.daily-life-hacks.com/images/pins/txt-cheapest-complete-protein-pairs-b.jpg,1124140825679640841,https://www.daily-life-hacks.com/cheapest-complete-protein-pairs,,PENDING,,,
txt-dairy-protein-per-dollar-ranked-a,Plain milk beats Greek yogurt on protein per dollar: 29.1 vs 27.5.,"Plain milk beats Greek yogurt on protein per dollar: 29.1 vs 27.5. All 6 fridge staples, ranked by real prices. Based on USDA FoodData Central nutrition data and real July 2026 store prices, with the full methodology on the site.",Text graphic on a dark navy background stating: Plain milk beats Greek yogurt on protein per dollar: 29.1 vs 27.5.,https://www.daily-life-hacks.com/images/pins/txt-dairy-protein-per-dollar-ranked-a.jpg,1124140825679640841,https://www.daily-life-hacks.com/dairy-protein-per-dollar-ranked,,PENDING,,,
txt-dairy-protein-per-dollar-ranked-b,Cottage cheese delivers 26.3g of protein per dollar. More than chicken breast.,"Cottage cheese delivers 26.3g of protein per dollar. More than chicken breast. The dairy aisle ranking nobody ran, until now. Based on USDA FoodData Central nutrition data and real July 2026 store prices, with the full methodology on the site.",Text graphic on a cream background stating: Cottage cheese delivers 26.3g of protein per dollar. More than chicken breast.,https://www.daily-life-hacks.com/images/pins/txt-dairy-protein-per-dollar-ranked-b.jpg,1124140825679640841,https://www.daily-life-hacks.com/dairy-protein-per-dollar-ranked,,PENDING,,,
txt-eggs-vs-everything-protein-value-a,Eggs rank 19th of 49 on protein per dollar. Every dried bean beats them.,"Eggs rank 19th of 49 on protein per dollar. Every dried bean beats them. The complete 49-food ranking is on the site. Based on USDA FoodData Central nutrition data and real July 2026 store prices, with the full methodology on the site.",Text graphic on a cream background stating: Eggs rank 19th of 49 on protein per dollar. Every dried bean beats them.,https://www.daily-life-hacks.com/images/pins/txt-eggs-vs-everything-protein-value-a.jpg,1124140825679640841,https://www.daily-life-hacks.com/eggs-vs-everything-protein-value,,PENDING,,,
txt-eggs-vs-everything-protein-value-b,Eggs are still the best animal protein deal after drumsticks: 34.4g per dollar.,"Eggs are still the best animal protein deal after drumsticks: 34.4g per dollar. See everything eggs beat, and what beats eggs. Based on USDA FoodData Central nutrition data and real July 2026 store prices, with the full methodology on the site.",Text graphic on a dark navy background stating: Eggs are still the best animal protein deal after drumsticks: 34.4g per dollar.,https://www.daily-life-hacks.com/images/pins/txt-eggs-vs-everything-protein-value-b.jpg,1124140825679640841,https://www.daily-life-hacks.com/eggs-vs-everything-protein-value,,PENDING,,,
txt-daily-values-explained-a,"The 28g fiber target isn't random: it's 14g per 1,000 calories, times two.","The 28g fiber target isn't random: it's 14g per 1,000 calories, times two. Where the label numbers come from. Based on USDA FoodData Central nutrition data and real July 2026 store prices, with the full methodology on the site.","Text graphic on an orange background stating: The 28g fiber target isn't random: it's 14g per 1,000 calories, times two.",https://www.daily-life-hacks.com/images/pins/txt-daily-values-explained-a.jpg,1124140825679640841,https://www.daily-life-hacks.com/fiber-protein-daily-values-explained,,PENDING,,,
txt-daily-values-explained-b,Who decided you need 50g of protein a day? The FDA. The math is simpler than you think.,"Who decided you need 50g of protein a day? The FDA. The math is simpler than you think. Both label targets, traced to the source. Based on USDA FoodData Central nutrition data and real July 2026 store prices, with the full methodology on the site.",Text graphic on a cream background stating: Who decided you need 50g of protein a day? The FDA. The math is simpler than you think.,https://www.daily-life-hacks.com/images/pins/txt-daily-values-explained-b.jpg,1124140825679640841,https://www.daily-life-hacks.com/fiber-protein-daily-values-explained,,PENDING,,,
txt-grains-fiber-per-dollar-ranked-a,Whole wheat flour has 7x the fiber per dollar of quinoa. Same aisle.,"Whole wheat flour has 7x the fiber per dollar of quinoa. Same aisle. All 11 grains ranked by fiber per dollar. Based on USDA FoodData Central nutrition data and real July 2026 store prices, with the full methodology on the site.",Text graphic on an orange background stating: Whole wheat flour has 7x the fiber per dollar of quinoa. Same aisle.,https://www.daily-life-hacks.com/images/pins/txt-grains-fiber-per-dollar-ranked-a.jpg,1124140825679640841,https://www.daily-life-hacks.com/grains-fiber-per-dollar-ranked,,PENDING,,,
txt-grains-fiber-per-dollar-ranked-b,Pearled barley is the sleeper of the grain aisle: 57.1g of fiber per dollar.,"Pearled barley is the sleeper of the grain aisle: 57.1g of fiber per dollar. The full grain ranking is on the site. Based on USDA FoodData Central nutrition data and real July 2026 store prices, with the full methodology on the site.",Text graphic on a cream background stating: Pearled barley is the sleeper of the grain aisle: 57.1g of fiber per dollar.,https://www.daily-life-hacks.com/images/pins/txt-grains-fiber-per-dollar-ranked-b.jpg,1124140825679640841,https://www.daily-life-hacks.com/grains-fiber-per-dollar-ranked,,PENDING,,,
txt-high-fiber-snacks-per-dollar-a,"The cheapest high-fiber snack in the store: popcorn kernels, 58g of fiber per dollar.","The cheapest high-fiber snack in the store: popcorn kernels, 58g of fiber per dollar. All 10 snacks ranked, cheapest fiber first. Based on USDA FoodData Central nutrition data and real July 2026 store prices, with the full methodology on the site.","Text graphic on a cream background stating: The cheapest high-fiber snack in the store: popcorn kernels, 58g of fiber per dollar.",https://www.daily-life-hacks.com/images/pins/txt-high-fiber-snacks-per-dollar-a.jpg,1124140825679640841,https://www.daily-life-hacks.com/high-fiber-snacks-per-dollar,,PENDING,,,
txt-high-fiber-snacks-per-dollar-b,Sunflower seeds pack 13g of fiber per dollar. Most snack bars do not come close.,"Sunflower seeds pack 13g of fiber per dollar. Most snack bars do not come close. The full snack ranking is on the site. Based on USDA FoodData Central nutrition data and real July 2026 store prices, with the full methodology on the site.",Text graphic on a dark navy background stating: Sunflower seeds pack 13g of fiber per dollar. Most snack bars do not come close.,https://www.daily-life-hacks.com/images/pins/txt-high-fiber-snacks-per-dollar-b.jpg,1124140825679640841,https://www.daily-life-hacks.com/high-fiber-snacks-per-dollar,,PENDING,,,
txt-meat-per-dollar-protein-ranked-a,Chicken drumsticks deliver 50g of protein per dollar. Chicken breast? 24.5.,"Chicken drumsticks deliver 50g of protein per dollar. Chicken breast? 24.5. All 11 cuts ranked, cheapest to priciest. Based on USDA FoodData Central nutrition data and real July 2026 store prices, with the full methodology on the site.",Text graphic on a cream background stating: Chicken drumsticks deliver 50g of protein per dollar. Chicken breast? 24.5.,https://www.daily-life-hacks.com/images/pins/txt-meat-per-dollar-protein-ranked-a.jpg,1124140825679640841,https://www.daily-life-hacks.com/meat-per-dollar-protein-ranked,,PENDING,,,
txt-meat-per-dollar-protein-ranked-b,Ground beef is one of the worst protein deals in the meat aisle: 11.5g per dollar.,"Ground beef is one of the worst protein deals in the meat aisle: 11.5g per dollar. See what beats it, ranked on the site. Based on USDA FoodData Central nutrition data and real July 2026 store prices, with the full methodology on the site.",Text graphic on a dark navy background stating: Ground beef is one of the worst protein deals in the meat aisle: 11.5g per dollar.,https://www.daily-life-hacks.com/images/pins/txt-meat-per-dollar-protein-ranked-b.jpg,1124140825679640841,https://www.daily-life-hacks.com/meat-per-dollar-protein-ranked,,PENDING,,,
txt-no-cook-protein-per-dollar-a,The cheapest protein that needs zero cooking? Peanut butter: 51g per dollar.,"The cheapest protein that needs zero cooking? Peanut butter: 51g per dollar. All 15 no-cook options ranked on the site. Based on USDA FoodData Central nutrition data and real July 2026 store prices, with the full methodology on the site.",Text graphic on an orange background stating: The cheapest protein that needs zero cooking? Peanut butter: 51g per dollar.,https://www.daily-life-hacks.com/images/pins/txt-no-cook-protein-per-dollar-a.jpg,1124140825679640841,https://www.daily-life-hacks.com/no-cook-protein-per-dollar,,PENDING,,,
txt-no-cook-protein-per-dollar-b,"No stove, no problem: canned beans still deliver 30g of protein per dollar.","No stove, no problem: canned beans still deliver 30g of protein per dollar. The full zero-cooking protein ranking. Based on USDA FoodData Central nutrition data and real July 2026 store prices, with the full methodology on the site.","Text graphic on a cream background stating: No stove, no problem: canned beans still deliver 30g of protein per dollar.",https://www.daily-life-hacks.com/images/pins/txt-no-cook-protein-per-dollar-b.jpg,1124140825679640841,https://www.daily-life-hacks.com/no-cook-protein-per-dollar,,PENDING,,,
txt-one-dollar-fiber-what-it-buys-a,One dollar of whole wheat flour buys 78g of fiber. Almost three days of the target.,"One dollar of whole wheat flour buys 78g of fiber. Almost three days of the target. 15 foods, one dollar each, ranked by fiber. Based on USDA FoodData Central nutrition data and real July 2026 store prices, with the full methodology on the site.",Text graphic on an orange background stating: One dollar of whole wheat flour buys 78g of fiber. Almost three days of the target.,https://www.daily-life-hacks.com/images/pins/txt-one-dollar-fiber-what-it-buys-a.jpg,1124140825679640841,https://www.daily-life-hacks.com/one-dollar-fiber-what-it-buys,,PENDING,,,
txt-one-dollar-fiber-what-it-buys-b,A dollar of split peas: 71g of fiber. Two and a half days of the target.,"A dollar of split peas: 71g of fiber. Two and a half days of the target. The dollar-by-dollar fiber list is on the site. Based on USDA FoodData Central nutrition data and real July 2026 store prices, with the full methodology on the site.",Text graphic on a cream background stating: A dollar of split peas: 71g of fiber. Two and a half days of the target.,https://www.daily-life-hacks.com/images/pins/txt-one-dollar-fiber-what-it-buys-b.jpg,1124140825679640841,https://www.daily-life-hacks.com/one-dollar-fiber-what-it-buys,,PENDING,,,
txt-one-dollar-protein-what-it-buys-a,"One dollar buys 98g of protein in dry beans, or 9 in bacon.","One dollar buys 98g of protein in dry beans, or 9 in bacon. 15 foods, one dollar each, ranked. Based on USDA FoodData Central nutrition data and real July 2026 store prices, with the full methodology on the site.","Text graphic on a dark navy background stating: One dollar buys 98g of protein in dry beans, or 9 in bacon.",https://www.daily-life-hacks.com/images/pins/txt-one-dollar-protein-what-it-buys-a.jpg,1124140825679640841,https://www.daily-life-hacks.com/one-dollar-protein-what-it-buys,,PENDING,,,
txt-one-dollar-protein-what-it-buys-b,A dollar of whole wheat flour buys 96g of protein. A dollar of oats: 47g.,"A dollar of whole wheat flour buys 96g of protein. A dollar of oats: 47g. The full dollar-by-dollar protein list. Based on USDA FoodData Central nutrition data and real July 2026 store prices, with the full methodology on the site.",Text graphic on an orange background stating: A dollar of whole wheat flour buys 96g of protein. A dollar of oats: 47g.,https://www.daily-life-hacks.com/images/pins/txt-one-dollar-protein-what-it-buys-b.jpg,1124140825679640841,https://www.daily-life-hacks.com/one-dollar-protein-what-it-buys,,PENDING,,,
txt-plant-protein-per-dollar-ranked-a,Dry pinto beans: 98g of protein per dollar. No meat we priced comes close.,"Dry pinto beans: 98g of protein per dollar. No meat we priced comes close. 18 plant proteins ranked by real store prices. Based on USDA FoodData Central nutrition data and real July 2026 store prices, with the full methodology on the site.",Text graphic on a dark navy background stating: Dry pinto beans: 98g of protein per dollar. No meat we priced comes close.,https://www.daily-life-hacks.com/images/pins/txt-plant-protein-per-dollar-ranked-a.jpg,1124140825679640841,https://www.daily-life-hacks.com/plant-protein-per-dollar-ranked,,PENDING,,,
txt-plant-protein-per-dollar-ranked-b,Tofu is one of the priciest plant proteins: 13.6g per dollar vs 78 for lentils.,"Tofu is one of the priciest plant proteins: 13.6g per dollar vs 78 for lentils. The full plant-protein ranking is on the site. Based on USDA FoodData Central nutrition data and real July 2026 store prices, with the full methodology on the site.",Text graphic on a cream background stating: Tofu is one of the priciest plant proteins: 13.6g per dollar vs 78 for lentils.,https://www.daily-life-hacks.com/images/pins/txt-plant-protein-per-dollar-ranked-b.jpg,1124140825679640841,https://www.daily-life-hacks.com/plant-protein-per-dollar-ranked,,PENDING,,,
txt-produce-fiber-per-dollar-ranked-a,Frozen green peas beat every fresh vegetable we priced on fiber per dollar: 18g.,"Frozen green peas beat every fresh vegetable we priced on fiber per dollar: 18g. All 22 produce picks ranked by real prices. Based on USDA FoodData Central nutrition data and real July 2026 store prices, with the full methodology on the site.",Text graphic on a dark navy background stating: Frozen green peas beat every fresh vegetable we priced on fiber per dollar: 18g.,https://www.daily-life-hacks.com/images/pins/txt-produce-fiber-per-dollar-ranked-a.jpg,1124140825679640841,https://www.daily-life-hacks.com/produce-fiber-per-dollar-ranked,,PENDING,,,
txt-produce-fiber-per-dollar-ranked-b,The freezer aisle quietly beats the fresh section on fiber per dollar. We have the receipts.,"The freezer aisle quietly beats the fresh section on fiber per dollar. We have the receipts. 22 fruits and vegetables, ranked on the site. Based on USDA FoodData Central nutrition data and real July 2026 store prices, with the full methodology on the site.",Text graphic on an orange background stating: The freezer aisle quietly beats the fresh section on fiber per dollar. We have the receipts.,https://www.daily-life-hacks.com/images/pins/txt-produce-fiber-per-dollar-ranked-b.jpg,1124140825679640841,https://www.daily-life-hacks.com/produce-fiber-per-dollar-ranked,,PENDING,,,
txt-shelf-stable-pantry-per-dollar-a,A pantry with no fridge can still hit 98g of protein per dollar.,"A pantry with no fridge can still hit 98g of protein per dollar. 27 shelf-stable foods ranked on the site. Based on USDA FoodData Central nutrition data and real July 2026 store prices, with the full methodology on the site.",Text graphic on an orange background stating: A pantry with no fridge can still hit 98g of protein per dollar.,https://www.daily-life-hacks.com/images/pins/txt-shelf-stable-pantry-per-dollar-a.jpg,1124140825679640841,https://www.daily-life-hacks.com/shelf-stable-pantry-per-dollar,,PENDING,,,
txt-shelf-stable-pantry-per-dollar-b,Canned tuna vs dry lentils: 22.4 vs 78g of protein per dollar.,"Canned tuna vs dry lentils: 22.4 vs 78g of protein per dollar. The full shelf-stable ranking is on the site. Based on USDA FoodData Central nutrition data and real July 2026 store prices, with the full methodology on the site.",Text graphic on a cream background stating: Canned tuna vs dry lentils: 22.4 vs 78g of protein per dollar.,https://www.daily-life-hacks.com/images/pins/txt-shelf-stable-pantry-per-dollar-b.jpg,1124140825679640841,https://www.daily-life-hacks.com/shelf-stable-pantry-per-dollar,,PENDING,,,
txt-usda-thrifty-food-plan-a,The USDA priced a healthy week of groceries: $235 for a family of four.,"The USDA priced a healthy week of groceries: $235 for a family of four. What's in that budget, translated on the site. Based on USDA FoodData Central nutrition data and real July 2026 store prices, with the full methodology on the site.",Text graphic on a cream background stating: The USDA priced a healthy week of groceries: $235 for a family of four.,https://www.daily-life-hacks.com/images/pins/txt-usda-thrifty-food-plan-a.jpg,1124140825679640841,https://www.daily-life-hacks.com/usda-thrifty-food-plan-weekly-cost,,PENDING,,,
txt-usda-thrifty-food-plan-b,"$1,018 a month. That's the government's food budget for a family of four.","$1,018 a month. That's the government's food budget for a family of four. The Thrifty Food Plan, explained in plain English. Based on USDA FoodData Central nutrition data and real July 2026 store prices, with the full methodology on the site.","Text graphic on a dark navy background stating: $1,018 a month. That's the government's food budget for a family of four.",https://www.daily-life-hacks.com/images/pins/txt-usda-thrifty-food-plan-b.jpg,1124140825679640841,https://www.daily-life-hacks.com/usda-thrifty-food-plan-weekly-cost,,PENDING,,,
